Date,High,Low,Open,Close,Volume,Adj Close,Name
2018-01-02,38.29999923706055,37.81999969482422,37.869998931884766,38.15999984741211,5325800.0,35.29988479614258,NEM
2018-01-03,38.2599983215332,37.4900016784668,38.209999084472656,37.84000015258789,5143600.0,35.00387191772461,NEM
2018-01-04,38.2599983215332,37.369998931884766,37.75,38.2599983215332,3876000.0,35.39238739013672,NEM
2018-01-05,38.43000030517578,38.02000045776367,38.18000030517578,38.400001525878906,2877300.0,35.52189636230469,NEM
2018-01-08,38.52000045776367,37.959999084472656,38.349998474121094,38.36000061035156,4719800.0,35.48490905761719,NEM
2018-01-09,38.31999969482422,37.95000076293945,38.150001525878906,38.11000061035156,3902600.0,35.25363540649414,NEM
2018-01-10,38.5,38.08000183105469,38.470001220703125,38.34000015258789,3542100.0,35.466400146484375,NEM
2018-01-11,38.900001525878906,38.400001525878906,38.40999984741211,38.84000015258789,4093300.0,35.92891311645508,NEM
2018-01-12,39.84000015258789,38.86000061035156,39.040000915527344,39.790000915527344,5068400.0,36.80772018432617,NEM
2018-01-16,40.220001220703125,39.130001068115234,39.790000915527344,40.0,6917800.0,37.00197219848633,NEM
2018-01-17,40.25,39.40999984741211,39.689998626708984,39.45000076293945,5215700.0,36.493202209472656,NEM
2018-01-18,40.0,39.16999816894531,39.47999954223633,39.2400016784668,4669400.0,36.29894256591797,NEM
2018-01-19,39.63999938964844,39.22999954223633,39.63999938964844,39.470001220703125,3960100.0,36.5117073059082,NEM
2018-01-22,39.689998626708984,39.2400016784668,39.54999923706055,39.65999984741211,2860900.0,36.68745803833008,NEM
2018-01-23,40.439998626708984,39.099998474121094,39.529998779296875,40.31999969482422,3284000.0,37.29799270629883,NEM
2018-01-24,42.040000915527344,41.16999816894531,41.16999816894531,41.56999969482422,8014400.0,38.45429611206055,NEM
2018-01-25,41.93000030517578,40.66999816894531,41.75,40.77000045776367,5814400.0,37.714263916015625,NEM
2018-01-26,41.29999923706055,40.83000183105469,40.849998474121094,41.04999923706055,3338400.0,37.97327423095703,NEM
2018-01-29,40.91999816894531,40.040000915527344,40.779998779296875,40.08000183105469,4742300.0,37.07598114013672,NEM
2018-01-30,40.54999923706055,39.650001525878906,40.119998931884766,40.099998474121094,4204300.0,37.094478607177734,NEM
2018-01-31,40.61000061035156,39.83000183105469,40.38999938964844,40.5099983215332,5987600.0,37.4737434387207,NEM
2018-02-01,41.02000045776367,40.16999816894531,40.22999954223633,40.36000061035156,4339300.0,37.334991455078125,NEM
2018-02-02,39.88999938964844,38.900001525878906,39.880001068115234,38.970001220703125,5936200.0,36.04917526245117,NEM
2018-02-05,39.47999954223633,37.7599983215332,39.16999816894531,37.79999923706055,8489700.0,34.96686935424805,NEM
2018-02-06,37.83000183105469,37.02000045776367,37.40999984741211,37.630001068115234,8980000.0,34.80961608886719,NEM
2018-02-07,37.86000061035156,36.880001068115234,37.619998931884766,37.029998779296875,8964000.0,34.254573822021484,NEM
2018-02-08,37.22999954223633,36.54999923706055,37.189998626708984,36.61000061035156,13378900.0,33.86606216430664,NEM
2018-02-09,36.880001068115234,35.97999954223633,36.880001068115234,36.7599983215332,11000500.0,34.00481414794922,NEM
2018-02-12,37.189998626708984,36.41999816894531,36.900001525878906,36.90999984741211,6256700.0,34.14357376098633,NEM
2018-02-13,37.22999954223633,36.7400016784668,36.93000030517578,37.02000045776367,5421600.0,34.24533462524414,NEM
2018-02-14,39.310001373291016,36.849998474121094,36.93000030517578,39.0,8195500.0,36.07693099975586,NEM
2018-02-15,39.43000030517578,38.47999954223633,39.20000076293945,39.40999984741211,5359800.0,36.4561882019043,NEM
2018-02-16,39.38999938964844,38.68000030517578,39.13999938964844,39.11000061035156,5395600.0,36.178680419921875,NEM
2018-02-20,39.09000015258789,38.189998626708984,38.7400016784668,38.38999938964844,5718400.0,35.51264572143555,NEM
2018-02-21,39.130001068115234,38.09000015258789,38.58000183105469,38.15999984741211,5736600.0,35.29988479614258,NEM
2018-02-22,38.72999954223633,37.58000183105469,37.970001220703125,37.630001068115234,4903500.0,34.80961608886719,NEM
2018-02-23,38.75,37.689998626708984,37.79999923706055,38.689998626708984,4812800.0,35.7901611328125,NEM
2018-02-26,39.369998931884766,38.650001525878906,39.02000045776367,39.31999969482422,4770400.0,36.37294006347656,NEM
2018-02-27,39.310001373291016,38.15999984741211,39.099998474121094,38.439998626708984,5350800.0,35.558895111083984,NEM
2018-02-28,39.04999923706055,38.16999816894531,38.47999954223633,38.20000076293945,6266300.0,35.336891174316406,NEM
2018-03-01,38.27000045776367,37.13999938964844,38.040000915527344,38.11000061035156,6502700.0,35.25363540649414,NEM
2018-03-02,38.59000015258789,37.93000030517578,38.279998779296875,37.93000030517578,5202900.0,35.08711624145508,NEM
2018-03-05,38.369998931884766,37.47999954223633,37.790000915527344,38.279998779296875,4398500.0,35.410888671875,NEM
2018-03-06,39.15999984741211,38.41999816894531,38.630001068115234,38.849998474121094,6411500.0,35.93815994262695,NEM
2018-03-07,38.880001068115234,37.61000061035156,38.59000015258789,37.70000076293945,5732400.0,35.000484466552734,NEM
2018-03-08,37.88999938964844,37.31999969482422,37.720001220703125,37.65999984741211,4149600.0,34.96335220336914,NEM
2018-03-09,37.849998474121094,37.2400016784668,37.650001525878906,37.709999084472656,5675400.0,35.00977325439453,NEM
2018-03-12,38.029998779296875,37.279998779296875,37.310001373291016,37.97999954223633,3691700.0,35.26044464111328,NEM
2018-03-13,38.470001220703125,38.0099983215332,38.08000183105469,38.220001220703125,3895400.0,35.48325729370117,NEM
2018-03-14,38.540000915527344,38.06999969482422,38.310001373291016,38.189998626708984,3480000.0,35.45540237426758,NEM
2018-03-15,38.08000183105469,37.27000045776367,37.83000183105469,37.310001373291016,4156900.0,34.63842010498047,NEM
2018-03-16,37.630001068115234,36.959999084472656,37.400001525878906,37.38999938964844,10404900.0,34.712684631347656,NEM
2018-03-19,37.599998474121094,37.11000061035156,37.38999938964844,37.470001220703125,5226600.0,34.786964416503906,NEM
2018-03-20,37.540000915527344,37.189998626708984,37.439998626708984,37.29999923706055,3516500.0,34.629127502441406,NEM
2018-03-21,38.529998779296875,37.33000183105469,37.5099983215332,38.220001220703125,5200500.0,35.48325729370117,NEM
2018-03-22,38.45000076293945,37.59000015258789,38.2599983215332,37.61000061035156,4823100.0,34.91693115234375,NEM
2018-03-23,39.16999816894531,38.15999984741211,38.2599983215332,38.7599983215332,6879800.0,35.98458480834961,NEM
2018-03-26,40.029998779296875,39.150001525878906,39.150001525878906,39.88999938964844,7583300.0,37.03367233276367,NEM
2018-03-27,39.63999938964844,38.900001525878906,39.459999084472656,39.029998779296875,5873700.0,36.235252380371094,NEM
2018-03-28,38.900001525878906,38.220001220703125,38.83000183105469,38.38999938964844,5371500.0,35.64108657836914,NEM
2018-03-29,39.16999816894531,38.27000045776367,38.27000045776367,39.06999969482422,4651000.0,36.27239227294922,NEM
2018-04-02,39.619998931884766,39.18000030517578,39.38999938964844,39.27000045776367,4128400.0,36.458072662353516,NEM
2018-04-03,39.150001525878906,38.599998474121094,39.150001525878906,38.83000183105469,3488800.0,36.04957962036133,NEM
2018-04-04,39.279998779296875,38.84000015258789,39.20000076293945,38.9900016784668,4202800.0,36.198116302490234,NEM
2018-04-05,39.380001068115234,38.63999938964844,38.790000915527344,39.27000045776367,4815300.0,36.458072662353516,NEM
2018-04-06,39.61000061035156,39.04999923706055,39.400001525878906,39.290000915527344,4107000.0,36.47664260864258,NEM
2018-04-09,39.349998474121094,38.16999816894531,39.349998474121094,38.58000183105469,5983100.0,35.817481994628906,NEM
2018-04-10,39.709999084472656,38.75,38.790000915527344,39.470001220703125,4794700.0,36.64375686645508,NEM
2018-04-11,41.13999938964844,39.849998474121094,40.0,40.63999938964844,9140100.0,37.72997283935547,NEM
2018-04-12,40.7400016784668,39.83000183105469,40.310001373291016,40.400001525878906,5722200.0,37.50715637207031,NEM
2018-04-13,41.97999954223633,40.880001068115234,40.880001068115234,41.599998474121094,5578000.0,38.6212272644043,NEM
2018-04-16,41.86000061035156,41.119998931884766,41.75,41.41999816894531,3876100.0,38.45411682128906,NEM
2018-04-17,41.790000915527344,41.22999954223633,41.470001220703125,41.380001068115234,4155300.0,38.41698455810547,NEM
2018-04-18,41.900001525878906,40.97999954223633,41.75,41.09000015258789,7317000.0,38.14775085449219,NEM
2018-04-19,41.959999084472656,41.2400016784668,41.33000183105469,41.939998626708984,5464700.0,38.9368782043457,NEM
2018-04-20,41.810001373291016,41.18000030517578,41.720001220703125,41.349998474121094,3779900.0,38.389122009277344,NEM
2018-04-23,41.209999084472656,40.54999923706055,40.86000061035156,41.060001373291016,3383700.0,38.11989974975586,NEM
2018-04-24,41.4900016784668,40.86000061035156,41.22999954223633,41.04999923706055,4052400.0,38.1106071472168,NEM
2018-04-25,41.060001373291016,40.349998474121094,40.54999923706055,40.52000045776367,5238300.0,37.618568420410156,NEM
2018-04-26,41.20000076293945,40.150001525878906,40.54999923706055,40.77000045776367,2880000.0,37.85066223144531,NEM
2018-04-27,40.90999984741211,40.34000015258789,40.75,40.65999984741211,3454400.0,37.748538970947266,NEM
2018-04-30,40.349998474121094,39.2599983215332,40.310001373291016,39.290000915527344,5900800.0,36.47664260864258,NEM
2018-05-01,39.279998779296875,38.66999816894531,39.02000045776367,39.220001220703125,4192400.0,36.411651611328125,NEM
2018-05-02,39.61000061035156,38.849998474121094,39.41999816894531,39.189998626708984,6061900.0,36.3837890625,NEM
2018-05-03,39.86000061035156,39.279998779296875,39.52000045776367,39.810001373291016,4935500.0,36.95940399169922,NEM
2018-05-04,39.75,39.439998626708984,39.529998779296875,39.650001525878906,3746800.0,36.81086349487305,NEM
2018-05-07,40.2400016784668,39.630001068115234,39.650001525878906,39.869998931884766,3164200.0,37.015106201171875,NEM
2018-05-08,39.97999954223633,39.209999084472656,39.63999938964844,39.97999954223633,3732200.0,37.11722183227539,NEM
2018-05-09,40.290000915527344,39.790000915527344,39.93000030517578,39.959999084472656,3096200.0,37.098663330078125,NEM
2018-05-10,40.540000915527344,40.119998931884766,40.130001068115234,40.41999816894531,3093200.0,37.525718688964844,NEM
2018-05-11,40.63999938964844,40.130001068115234,40.41999816894531,40.38999938964844,3015800.0,37.49787139892578,NEM
2018-05-14,40.84000015258789,40.15999984741211,40.529998779296875,40.38999938964844,3820800.0,37.49787139892578,NEM
2018-05-15,39.7400016784668,38.970001220703125,39.68000030517578,39.5099983215332,4709400.0,36.680877685546875,NEM
2018-05-16,39.7400016784668,39.40999984741211,39.4900016784668,39.689998626708984,3167500.0,36.84798812866211,NEM
2018-05-17,39.709999084472656,39.189998626708984,39.709999084472656,39.36000061035156,3091000.0,36.541622161865234,NEM
2018-05-18,39.290000915527344,39.0,39.209999084472656,39.15999984741211,3623700.0,36.35595703125,NEM
2018-05-21,39.40999984741211,38.77000045776367,39.18000030517578,39.369998931884766,2758100.0,36.5509033203125,NEM
2018-05-22,39.4900016784668,38.77000045776367,39.33000183105469,38.790000915527344,3305900.0,36.01243209838867,NEM
2018-05-23,39.630001068115234,38.77000045776367,38.77000045776367,39.59000015258789,4101600.0,36.755157470703125,NEM
2018-05-24,40.029998779296875,39.58000183105469,39.619998931884766,39.970001220703125,3585900.0,37.10794448852539,NEM
2018-05-25,39.95000076293945,39.2599983215332,39.83000183105469,39.439998626708984,3788600.0,36.61589431762695,NEM
2018-05-29,39.650001525878906,38.869998931884766,39.0099983215332,38.93000030517578,5239600.0,36.14241409301758,NEM
2018-05-30,39.34000015258789,38.77000045776367,39.02000045776367,39.189998626708984,2619200.0,36.3837890625,NEM
2018-05-31,39.349998474121094,38.72999954223633,39.33000183105469,38.93000030517578,6983900.0,36.14241409301758,NEM
2018-06-01,39.04999923706055,38.439998626708984,38.88999938964844,38.63999938964844,4140000.0,35.8731803894043,NEM
2018-06-04,38.83000183105469,38.150001525878906,38.790000915527344,38.25,3367100.0,35.511104583740234,NEM
2018-06-05,38.849998474121094,38.2599983215332,38.31999969482422,38.54999923706055,3003800.0,35.78962707519531,NEM
2018-06-06,38.689998626708984,38.20000076293945,38.47999954223633,38.65999984741211,6265900.0,36.0225715637207,NEM
2018-06-07,38.91999816894531,38.43000030517578,38.79999923706055,38.58000183105469,3642300.0,35.94803237915039,NEM
2018-06-08,38.59000015258789,38.209999084472656,38.59000015258789,38.380001068115234,3657100.0,35.76167678833008,NEM
2018-06-11,38.689998626708984,38.18000030517578,38.33000183105469,38.56999969482422,2947000.0,35.93871307373047,NEM
2018-06-12,39.130001068115234,38.56999969482422,38.88999938964844,38.790000915527344,4227900.0,36.14369583129883,NEM
2018-06-13,39.04999923706055,38.43000030517578,38.959999084472656,38.70000076293945,4064700.0,36.05984115600586,NEM
2018-06-14,39.189998626708984,38.810001373291016,38.9900016784668,39.15999984741211,3762800.0,36.488468170166016,NEM
2018-06-15,38.79999923706055,38.02000045776367,38.79999923706055,38.400001525878906,11737300.0,35.78030776977539,NEM
2018-06-18,38.560001373291016,38.189998626708984,38.27000045776367,38.43000030517578,3530500.0,35.808265686035156,NEM
2018-06-19,38.58000183105469,38.060001373291016,38.18000030517578,38.349998474121094,3981800.0,35.73372268676758,NEM
2018-06-20,38.61000061035156,37.869998931884766,38.4900016784668,37.95000076293945,3791300.0,35.36101150512695,NEM
2018-06-21,38.0,36.86000061035156,37.900001525878906,37.02000045776367,5091600.0,34.49445724487305,NEM
2018-06-22,37.61000061035156,37.15999984741211,37.22999954223633,37.459999084472656,5713600.0,34.9044303894043,NEM
2018-06-25,37.400001525878906,36.75,37.15999984741211,36.9900016784668,4024800.0,34.46650314331055,NEM
2018-06-26,37.369998931884766,36.599998474121094,36.650001525878906,37.16999816894531,3771100.0,34.63421630859375,NEM
2018-06-27,37.4900016784668,36.95000076293945,37.0099983215332,36.97999954223633,2770500.0,34.457176208496094,NEM
2018-06-28,37.2599983215332,36.880001068115234,37.2599983215332,37.0,4037100.0,34.4758186340332,NEM
2018-06-29,38.13999938964844,36.95000076293945,37.060001373291016,37.709999084472656,4935900.0,35.13738250732422,NEM
2018-07-02,37.83000183105469,37.22999954223633,37.470001220703125,37.54999923706055,2813100.0,34.98829650878906,NEM
2018-07-03,38.599998474121094,37.560001373291016,37.970001220703125,37.63999938964844,3885700.0,35.0721549987793,NEM
2018-07-05,38.599998474121094,37.83000183105469,37.900001525878906,38.43000030517578,3650300.0,35.808265686035156,NEM
2018-07-06,38.25,37.7400016784668,38.189998626708984,37.83000183105469,4052500.0,35.24919128417969,NEM
2018-07-09,38.400001525878906,37.529998779296875,38.2599983215332,37.790000915527344,4166500.0,35.2119255065918,NEM
2018-07-10,37.959999084472656,37.279998779296875,37.40999984741211,37.90999984741211,4242800.0,35.32373809814453,NEM
2018-07-11,37.63999938964844,36.959999084472656,37.56999969482422,37.06999969482422,4640300.0,34.54104232788086,NEM
2018-07-12,37.5,37.09000015258789,37.27000045776367,37.130001068115234,2671400.0,34.596954345703125,NEM
2018-07-13,37.06999969482422,36.7599983215332,36.90999984741211,36.84000015258789,2089100.0,34.32673263549805,NEM
2018-07-16,36.84000015258789,36.369998931884766,36.77000045776367,36.5,3121300.0,34.00992202758789,NEM
2018-07-17,37.13999938964844,36.209999084472656,36.2599983215332,36.939998626708984,4662500.0,34.41991424560547,NEM
2018-07-18,37.349998474121094,36.540000915527344,36.599998474121094,37.18000030517578,4088500.0,34.64353942871094,NEM
2018-07-19,37.5,36.599998474121094,36.650001525878906,37.0099983215332,4391500.0,34.48513412475586,NEM
2018-07-20,37.369998931884766,36.849998474121094,37.220001220703125,37.02000045776367,3575100.0,34.49445724487305,NEM
2018-07-23,37.369998931884766,36.52000045776367,36.95000076293945,36.56999969482422,4837000.0,34.075157165527344,NEM
2018-07-24,37.29999923706055,36.70000076293945,36.88999938964844,37.130001068115234,5220300.0,34.596954345703125,NEM
2018-07-25,37.4900016784668,36.95000076293945,37.349998474121094,37.470001220703125,4076800.0,34.913753509521484,NEM
2018-07-26,38.630001068115234,36.79999923706055,37.18000030517578,37.810001373291016,6702200.0,35.230567932128906,NEM
2018-07-27,37.91999816894531,36.7599983215332,37.900001525878906,36.88999938964844,4662700.0,34.37332534790039,NEM
2018-07-30,36.9900016784668,36.56999969482422,36.779998779296875,36.72999954223633,3860400.0,34.22423553466797,NEM
2018-07-31,36.869998931884766,36.36000061035156,36.7400016784668,36.68000030517578,4952300.0,34.177642822265625,NEM
2018-08-01,36.75,36.220001220703125,36.5,36.439998626708984,3800600.0,33.954017639160156,NEM
2018-08-02,36.459999084472656,36.02000045776367,36.16999816894531,36.22999954223633,4546000.0,33.75834655761719,NEM
2018-08-03,36.81999969482422,36.20000076293945,36.41999816894531,36.459999084472656,5108400.0,33.97265625,NEM
2018-08-06,36.75,36.119998931884766,36.290000915527344,36.209999084472656,4999200.0,33.739707946777344,NEM
2018-08-07,36.61000061035156,35.97999954223633,36.5,36.06999969482422,5070000.0,33.60926055908203,NEM
2018-08-08,36.400001525878906,36.0,36.20000076293945,36.15999984741211,4406700.0,33.693119049072266,NEM
2018-08-09,36.40999984741211,35.68000030517578,36.209999084472656,35.709999084472656,5400500.0,33.27381896972656,NEM
2018-08-10,35.959999084472656,35.38999938964844,35.560001373291016,35.599998474121094,3537700.0,33.17132568359375,NEM
2018-08-13,35.720001220703125,34.47999954223633,35.369998931884766,34.650001525878906,5416900.0,32.286136627197266,NEM
2018-08-14,34.810001373291016,33.869998931884766,34.779998779296875,33.939998626708984,5081000.0,31.624574661254883,NEM
2018-08-15,33.650001525878906,31.579999923706055,33.470001220703125,31.799999237060547,11054700.0,29.630563735961914,NEM
2018-08-16,32.36000061035156,31.549999237060547,31.969999313354492,31.600000381469727,10189800.0,29.4442138671875,NEM
2018-08-17,32.36000061035156,31.450000762939453,31.739999771118164,32.060001373291016,9395900.0,29.87282943725586,NEM
2018-08-20,32.459999084472656,31.670000076293945,32.279998779296875,31.889999389648438,6189700.0,29.71442985534668,NEM
2018-08-21,32.029998779296875,31.610000610351562,31.989999771118164,31.950000762939453,4545800.0,29.770336151123047,NEM
2018-08-22,32.470001220703125,32.099998474121094,32.220001220703125,32.31999969482422,4961800.0,30.11509132385254,NEM
2018-08-23,32.060001373291016,31.459999084472656,32.0099983215332,31.65999984741211,7476200.0,29.5001163482666,NEM
2018-08-24,32.52000045776367,31.81999969482422,31.969999313354492,32.029998779296875,5403900.0,29.844879150390625,NEM
2018-08-27,32.4900016784668,32.029998779296875,32.099998474121094,32.25,4579700.0,30.049867630004883,NEM
2018-08-28,32.4900016784668,31.690000534057617,32.43000030517578,31.84000015258789,4710500.0,29.66783905029297,NEM
2018-08-29,31.899999618530273,31.6299991607666,31.790000915527344,31.739999771118164,4871800.0,29.57465934753418,NEM
2018-08-30,31.549999237060547,30.790000915527344,31.530000686645508,31.049999237060547,6160800.0,28.931732177734375,NEM
2018-08-31,31.43000030517578,30.729999542236328,30.75,31.030000686645508,5266400.0,28.91309928894043,NEM
2018-09-04,30.639999389648438,30.030000686645508,30.59000015258789,30.09000015258789,7235800.0,28.037229537963867,NEM
2018-09-05,30.469999313354492,30.0,30.459999084472656,30.1299991607666,6077500.0,28.074495315551758,NEM
2018-09-06,30.489999771118164,30.020000457763672,30.290000915527344,30.239999771118164,5304100.0,28.17698860168457,NEM
2018-09-07,30.329999923706055,29.850000381469727,30.059999465942383,30.1299991607666,4473100.0,28.074495315551758,NEM
2018-09-10,30.1299991607666,29.649999618530273,29.979999542236328,29.739999771118164,4148600.0,27.711103439331055,NEM
2018-09-11,29.829999923706055,29.15999984741211,29.510000228881836,29.6299991607666,4991000.0,27.608606338500977,NEM
2018-09-12,30.440000534057617,29.31999969482422,29.360000610351562,30.15999984741211,6621300.0,28.235862731933594,NEM
2018-09-13,30.899999618530273,29.75,30.559999465942383,30.219999313354492,5274500.0,28.292034149169922,NEM
2018-09-14,30.780000686645508,30.1200008392334,30.1200008392334,30.3799991607666,5619900.0,28.44182586669922,NEM
2018-09-17,30.790000915527344,30.299999237060547,30.530000686645508,30.639999389648438,4716200.0,28.685237884521484,NEM
2018-09-18,31.09000015258789,30.559999465942383,30.809999465942383,30.850000381469727,3992100.0,28.8818416595459,NEM
2018-09-19,31.75,31.020000457763672,31.209999084472656,31.520000457763672,5752500.0,29.509098052978516,NEM
2018-09-20,31.940000534057617,31.239999771118164,31.850000381469727,31.5,5490800.0,29.490375518798828,NEM
2018-09-21,31.770000457763672,31.09000015258789,31.209999084472656,31.559999465942383,11595500.0,29.546545028686523,NEM
2018-09-24,32.09000015258789,31.059999465942383,31.690000534057617,31.09000015258789,8393900.0,29.106531143188477,NEM
2018-09-25,31.729999542236328,31.020000457763672,31.239999771118164,31.25,6117900.0,29.256322860717773,NEM
2018-09-26,31.110000610351562,29.829999923706055,31.110000610351562,29.8700008392334,8672800.0,27.964366912841797,NEM
2018-09-27,30.309999465942383,29.299999237060547,29.59000015258789,29.979999542236328,7219900.0,28.067344665527344,NEM
2018-09-28,30.559999465942383,30.09000015258789,30.229999542236328,30.200000762939453,4704400.0,28.273311614990234,NEM
2018-10-01,30.489999771118164,30.020000457763672,30.200000762939453,30.350000381469727,3437300.0,28.413738250732422,NEM
2018-10-02,31.31999969482422,30.520000457763672,30.6200008392334,31.170000076293945,7426700.0,29.181425094604492,NEM
2018-10-03,31.59000015258789,30.469999313354492,31.309999465942383,30.479999542236328,5430300.0,28.535446166992188,NEM
2018-10-04,30.690000534057617,30.110000610351562,30.549999237060547,30.3700008392334,4330300.0,28.432464599609375,NEM
2018-10-05,30.75,30.450000762939453,30.5,30.579999923706055,5168000.0,28.629066467285156,NEM
2018-10-08,30.559999465942383,29.760000228881836,30.010000228881836,30.520000457763672,5122300.0,28.572893142700195,NEM
2018-10-09,30.540000915527344,29.940000534057617,30.450000762939453,30.110000610351562,4048800.0,28.189054489135742,NEM
2018-10-10,30.84000015258789,30.020000457763672,30.56999969482422,30.559999465942383,6746100.0,28.61034393310547,NEM
2018-10-11,32.900001525878906,30.899999618530273,31.170000076293945,32.720001220703125,12410800.0,30.632545471191406,NEM
2018-10-12,32.540000915527344,31.3700008392334,32.38999938964844,32.040000915527344,9036300.0,29.995920181274414,NEM
2018-10-15,33.25,32.4900016784668,32.560001373291016,32.65999984741211,6878000.0,30.576364517211914,NEM
2018-10-16,32.939998626708984,31.969999313354492,32.84000015258789,32.290000915527344,4732600.0,30.22998046875,NEM
2018-10-17,32.720001220703125,31.0,32.209999084472656,32.11000061035156,5330800.0,30.06145668029785,NEM
2018-10-18,32.86000061035156,31.739999771118164,31.959999084472656,32.369998931884766,6171900.0,30.304868698120117,NEM
2018-10-19,32.70000076293945,32.060001373291016,32.459999084472656,32.189998626708984,5932400.0,30.136350631713867,NEM
2018-10-22,32.349998474121094,31.43000030517578,32.09000015258789,31.969999313354492,6233800.0,29.930387496948242,NEM
2018-10-23,32.790000915527344,31.770000457763672,32.720001220703125,32.40999984741211,9212500.0,30.34231185913086,NEM
2018-10-24,32.52000045776367,31.600000381469727,32.2599983215332,31.760000228881836,6791000.0,29.733787536621094,NEM
2018-10-25,31.729999542236328,29.059999465942383,31.209999084472656,29.600000381469727,13657700.0,27.71158790588379,NEM
2018-10-26,30.989999771118164,29.709999084472656,29.850000381469727,30.0,9291100.0,28.086069107055664,NEM
2018-10-29,31.399999618530273,29.700000762939453,30.110000610351562,30.760000228881836,6416300.0,28.797584533691406,NEM
2018-10-30,31.280000686645508,30.469999313354492,30.68000030517578,31.0,6532300.0,29.02227020263672,NEM
2018-10-31,30.93000030517578,30.059999465942383,30.68000030517578,30.920000076293945,8680500.0,28.947372436523438,NEM
2018-11-01,32.18000030517578,31.260000228881836,31.510000228881836,32.060001373291016,5395100.0,30.014644622802734,NEM
2018-11-02,32.4900016784668,31.719999313354492,31.920000076293945,32.41999816894531,5260800.0,30.3516788482666,NEM
2018-11-05,32.66999816894531,31.8799991607666,32.459999084472656,32.38999938964844,4309400.0,30.323591232299805,NEM
2018-11-06,32.52000045776367,32.040000915527344,32.5,32.310001373291016,3806800.0,30.248695373535156,NEM
2018-11-07,32.790000915527344,32.119998931884766,32.5099983215332,32.5,5072200.0,30.426578521728516,NEM
2018-11-08,32.66999816894531,32.130001068115234,32.41999816894531,32.41999816894531,3802100.0,30.3516788482666,NEM
2018-11-09,32.27000045776367,31.510000228881836,31.969999313354492,32.02000045776367,4082800.0,29.977195739746094,NEM
2018-11-12,31.959999084472656,31.40999984741211,31.950000762939453,31.530000686645508,5148500.0,29.51845932006836,NEM
2018-11-13,31.739999771118164,30.93000030517578,31.549999237060547,31.40999984741211,5414300.0,29.406116485595703,NEM
2018-11-14,32.75,31.34000015258789,31.520000457763672,32.400001525878906,6549200.0,30.332956314086914,NEM
2018-11-15,32.939998626708984,32.310001373291016,32.5099983215332,32.86000061035156,5725000.0,30.763612747192383,NEM
2018-11-16,33.650001525878906,33.13999938964844,33.34000015258789,33.31999969482422,6020500.0,31.19426155090332,NEM
2018-11-19,33.70000076293945,32.63999938964844,33.290000915527344,32.790000915527344,5785500.0,30.69807243347168,NEM
2018-11-20,33.150001525878906,32.369998931884766,33.150001525878906,32.900001525878906,4627100.0,30.801057815551758,NEM
2018-11-21,33.70000076293945,32.959999084472656,32.959999084472656,33.59000015258789,4663300.0,31.447038650512695,NEM
2018-11-23,33.34000015258789,32.349998474121094,33.34000015258789,32.459999084472656,2598300.0,30.389129638671875,NEM
2018-11-26,33.130001068115234,32.310001373291016,32.58000183105469,32.470001220703125,4285100.0,30.39849281311035,NEM
2018-11-27,32.599998474121094,31.649999618530273,32.43000030517578,31.959999084472656,5086800.0,29.921030044555664,NEM
2018-11-28,32.720001220703125,31.600000381469727,32.0099983215332,32.689998626708984,4735200.0,30.604454040527344,NEM
2018-11-29,32.95000076293945,32.34000015258789,32.90999984741211,32.34000015258789,3673600.0,30.27678680419922,NEM
2018-11-30,32.380001068115234,31.760000228881836,32.189998626708984,32.34000015258789,7679800.0,30.27678680419922,NEM
2018-12-03,33.33000183105469,32.59000015258789,32.79999923706055,33.220001220703125,4446500.0,31.10064125061035,NEM
2018-12-04,34.130001068115234,33.31999969482422,33.439998626708984,33.790000915527344,6370900.0,31.634279251098633,NEM
2018-12-06,33.810001373291016,32.41999816894531,33.560001373291016,32.65999984741211,9165900.0,30.831317901611328,NEM
2018-12-07,33.720001220703125,32.56999969482422,32.939998626708984,33.38999938964844,6958000.0,31.520448684692383,NEM
2018-12-10,34.4900016784668,33.33000183105469,33.40999984741211,33.529998779296875,8010700.0,31.652605056762695,NEM
2018-12-11,33.939998626708984,33.209999084472656,33.77000045776367,33.34000015258789,5322100.0,31.473249435424805,NEM
2018-12-12,34.2400016784668,33.45000076293945,33.5,34.08000183105469,4670500.0,32.171817779541016,NEM
2018-12-13,34.2400016784668,33.66999816894531,34.13999938964844,34.040000915527344,5358900.0,32.134056091308594,NEM
2018-12-14,33.7400016784668,33.209999084472656,33.56999969482422,33.310001373291016,5086300.0,31.44493293762207,NEM
2018-12-17,33.93000030517578,33.40999984741211,33.540000915527344,33.61000061035156,6937100.0,31.728130340576172,NEM
2018-12-18,34.599998474121094,33.45000076293945,33.45000076293945,34.15999984741211,7394100.0,32.247337341308594,NEM
2018-12-19,34.66999816894531,32.0,34.22999954223633,32.09000015258789,10052400.0,30.293235778808594,NEM
2018-12-20,34.380001068115234,32.93000030517578,33.0,34.09000015258789,10694100.0,32.181251525878906,NEM
2018-12-21,34.66999816894531,33.45000076293945,34.220001220703125,33.529998779296875,16320500.0,31.652605056762695,NEM
2018-12-24,34.689998626708984,33.90999984741211,33.97999954223633,34.58000183105469,4266700.0,32.64381408691406,NEM
2018-12-26,35.040000915527344,34.09000015258789,34.869998931884766,34.529998779296875,5665200.0,32.596614837646484,NEM
2018-12-27,34.9900016784668,34.34000015258789,34.65999984741211,34.9900016784668,5537300.0,33.03086471557617,NEM
2018-12-28,35.08000183105469,34.279998779296875,34.83000183105469,34.470001220703125,5419500.0,32.539974212646484,NEM
2018-12-31,34.709999084472656,34.119998931884766,34.470001220703125,34.650001525878906,4149100.0,32.709903717041016,NEM
2019-01-02,34.779998779296875,33.939998626708984,34.45000076293945,34.47999954223633,4094800.0,32.549415588378906,NEM
2019-01-03,34.869998931884766,34.04999923706055,34.7400016784668,34.380001068115234,5763200.0,32.45500946044922,NEM
2019-01-04,34.4900016784668,33.279998779296875,33.90999984741211,34.380001068115234,8622600.0,32.45500946044922,NEM
2019-01-07,34.93000030517578,33.79999923706055,34.66999816894531,33.970001220703125,4868600.0,32.06797409057617,NEM
2019-01-08,34.08000183105469,33.38999938964844,33.630001068115234,34.06999969482422,6457200.0,32.16237258911133,NEM
2019-01-09,34.540000915527344,33.970001220703125,34.02000045776367,34.369998931884766,5259700.0,32.445579528808594,NEM
2019-01-10,34.93000030517578,34.189998626708984,34.29999923706055,34.81999969482422,5008400.0,32.87038040161133,NEM
2019-01-11,35.18000030517578,34.7400016784668,34.90999984741211,34.880001068115234,3821500.0,32.927024841308594,NEM
2019-01-14,33.4900016784668,31.649999618530273,32.849998474121094,31.780000686645508,28513700.0,30.000591278076172,NEM
2019-01-15,31.969999313354492,30.670000076293945,31.770000457763672,31.020000457763672,15514100.0,29.28314781188965,NEM
2019-01-16,31.959999084472656,31.0,31.079999923706055,31.559999465942383,8730200.0,29.792911529541016,NEM
2019-01-17,31.639999389648438,31.209999084472656,31.549999237060547,31.6200008392334,5386400.0,29.84955406188965,NEM
2019-01-18,32.13999938964844,31.31999969482422,31.5,31.770000457763672,8021500.0,29.99115562438965,NEM
2019-01-22,32.189998626708984,31.450000762939453,31.760000228881836,32.099998474121094,8188700.0,30.302677154541016,NEM
2019-01-23,32.47999954223633,31.729999542236328,31.90999984741211,32.20000076293945,8544500.0,30.397079467773438,NEM
2019-01-24,32.2400016784668,31.84000015258789,32.0,32.18000030517578,6683400.0,30.378198623657227,NEM
2019-01-25,33.20000076293945,32.56999969482422,32.65999984741211,33.15999984741211,10288800.0,31.303327560424805,NEM
2019-01-28,33.5,32.66999816894531,33.34000015258789,32.90999984741211,10985700.0,31.067323684692383,NEM
2019-01-29,33.59000015258789,32.790000915527344,33.310001373291016,33.540000915527344,8387900.0,31.662050247192383,NEM
2019-01-30,34.189998626708984,33.060001373291016,33.58000183105469,33.709999084472656,6900700.0,31.822528839111328,NEM
2019-01-31,34.25,33.529998779296875,33.869998931884766,34.11000061035156,8441500.0,32.20013427734375,NEM
2019-02-01,34.15999984741211,33.36000061035156,34.130001068115234,33.84000015258789,6208800.0,31.94525718688965,NEM
2019-02-04,34.209999084472656,33.310001373291016,33.43000030517578,34.15999984741211,5382900.0,32.247337341308594,NEM
2019-02-05,34.150001525878906,33.70000076293945,34.099998474121094,34.119998931884766,4709300.0,32.209571838378906,NEM
2019-02-06,34.310001373291016,33.81999969482422,33.81999969482422,33.97999954223633,4864300.0,32.077415466308594,NEM
2019-02-07,34.290000915527344,33.58000183105469,33.869998931884766,33.72999954223633,4099300.0,31.841411590576172,NEM
2019-02-08,33.97999954223633,33.5099983215332,33.86000061035156,33.84000015258789,4209200.0,31.94525718688965,NEM
2019-02-11,33.880001068115234,33.40999984741211,33.52000045776367,33.650001525878906,3945800.0,31.765892028808594,NEM
2019-02-12,33.810001373291016,33.279998779296875,33.810001373291016,33.38999938964844,5833400.0,31.520448684692383,NEM
2019-02-13,33.65999984741211,33.119998931884766,33.279998779296875,33.22999954223633,5427600.0,31.369401931762695,NEM
2019-02-14,33.310001373291016,32.75,33.099998474121094,33.11000061035156,7110100.0,31.25612449645996,NEM
2019-02-15,33.47999954223633,32.959999084472656,33.380001068115234,33.2400016784668,6160000.0,31.37885093688965,NEM
2019-02-19,34.7400016784668,33.0,33.619998931884766,34.529998779296875,10131300.0,32.596614837646484,NEM
2019-02-20,35.86000061035156,34.400001525878906,34.7599983215332,35.38999938964844,11737000.0,33.40846252441406,NEM
2019-02-21,36.099998474121094,34.47999954223633,35.70000076293945,35.40999984741211,12114500.0,33.427345275878906,NEM
2019-02-22,37.630001068115234,35.83000183105469,36.189998626708984,36.47999954223633,33898300.0,34.437435150146484,NEM
2019-02-25,36.4900016784668,35.439998626708984,36.29999923706055,36.099998474121094,14348900.0,34.078712463378906,NEM
2019-02-26,36.20000076293945,34.72999954223633,35.97999954223633,34.95000076293945,13697700.0,32.99310302734375,NEM
2019-02-27,34.900001525878906,33.79999923706055,34.869998931884766,34.02000045776367,13571800.0,32.115169525146484,NEM
2019-02-28,34.310001373291016,33.79999923706055,33.91999816894531,34.119998931884766,9454900.0,32.209571838378906,NEM
2019-03-01,34.47999954223633,33.66999816894531,33.810001373291016,33.81999969482422,11698200.0,31.92637062072754,NEM
2019-03-04,34.5099983215332,33.65999984741211,33.79999923706055,34.45000076293945,11457400.0,32.52110290527344,NEM
2019-03-05,34.75,34.209999084472656,34.31999969482422,34.5,8590900.0,32.568302154541016,NEM
2019-03-06,34.41999816894531,33.09000015258789,34.380001068115234,33.13999938964844,13029900.0,31.41191291809082,NEM
2019-03-07,33.41999816894531,32.939998626708984,33.06999969482422,33.220001220703125,16102400.0,31.487741470336914,NEM
2019-03-08,34.040000915527344,33.209999084472656,33.75,33.709999084472656,8988600.0,31.952190399169922,NEM
2019-03-11,33.810001373291016,32.459999084472656,33.279998779296875,33.45000076293945,40174200.0,31.705751419067383,NEM
2019-03-12,34.630001068115234,33.52000045776367,33.630001068115234,34.52000045776367,19818400.0,32.71995544433594,NEM
2019-03-13,34.939998626708984,34.20000076293945,34.72999954223633,34.40999984741211,17027300.0,32.615692138671875,NEM
2019-03-14,34.040000915527344,33.38999938964844,33.779998779296875,33.41999816894531,11498800.0,31.677305221557617,NEM
2019-03-15,33.88999938964844,32.90999984741211,33.54999923706055,33.13999938964844,14393100.0,31.41191291809082,NEM
2019-03-18,33.38999938964844,32.95000076293945,33.31999969482422,33.0,8772100.0,31.27920913696289,NEM
2019-03-19,33.790000915527344,33.18000030517578,33.2400016784668,33.279998779296875,9453900.0,31.54460906982422,NEM
2019-03-20,33.95000076293945,32.65999984741211,33.20000076293945,33.869998931884766,13382000.0,32.103851318359375,NEM
2019-03-21,34.47999954223633,33.58000183105469,33.86000061035156,34.33000183105469,15559800.0,32.53986740112305,NEM
2019-03-22,34.79999923706055,33.54999923706055,34.04999923706055,34.5,31349200.0,32.700992584228516,NEM
2019-03-25,35.279998779296875,34.5,34.810001373291016,34.900001525878906,26182900.0,33.080135345458984,NEM
2019-03-26,35.560001373291016,34.540000915527344,34.540000915527344,35.560001373291016,23925300.0,33.70572280883789,NEM
2019-03-27,35.84000015258789,35.38999938964844,35.650001525878906,35.709999084472656,11174200.0,33.847900390625,NEM
2019-03-28,35.93000030517578,35.060001373291016,35.16999816894531,35.56999969482422,9611800.0,33.715206146240234,NEM
2019-03-29,36.029998779296875,35.599998474121094,35.810001373291016,35.77000045776367,9924500.0,33.90476989746094,NEM
2019-04-01,36.029998779296875,35.43000030517578,35.84000015258789,35.61000061035156,9228300.0,33.75311279296875,NEM
2019-04-02,35.91999816894531,35.380001068115234,35.5099983215332,35.83000183105469,11167100.0,33.96164321899414,NEM
2019-04-03,36.099998474121094,35.709999084472656,35.869998931884766,35.95000076293945,8077000.0,34.07538604736328,NEM
2019-04-04,36.4900016784668,35.630001068115234,35.939998626708984,36.47999954223633,10703000.0,34.5777473449707,NEM
2019-04-05,36.529998779296875,36.11000061035156,36.349998474121094,36.5,5761500.0,34.59670639038086,NEM
2019-04-08,36.83000183105469,36.349998474121094,36.709999084472656,36.65999984741211,6306500.0,34.74836730957031,NEM
2019-04-09,36.779998779296875,36.209999084472656,36.70000076293945,36.599998474121094,5079800.0,34.691490173339844,NEM
2019-04-10,36.689998626708984,36.20000076293945,36.529998779296875,36.27000045776367,6562100.0,34.37870407104492,NEM
2019-04-11,36.279998779296875,35.650001525878906,35.93000030517578,35.970001220703125,10950300.0,34.09434509277344,NEM
2019-04-12,36.41999816894531,35.599998474121094,36.11000061035156,36.25,10550700.0,34.359737396240234,NEM
2019-04-15,36.220001220703125,35.779998779296875,35.97999954223633,36.16999816894531,13278300.0,34.283912658691406,NEM
2019-04-16,35.220001220703125,34.689998626708984,35.16999816894531,34.790000915527344,11176500.0,33.79817199707031,NEM
2019-04-17,34.959999084472656,33.970001220703125,34.63999938964844,34.18000030517578,82542900.0,33.20555877685547,NEM
2019-04-18,34.220001220703125,32.869998931884766,34.150001525878906,33.040000915527344,26298500.0,32.098060607910156,NEM
2019-04-22,33.25,32.349998474121094,33.2400016784668,32.54999923706055,12610600.0,31.622026443481445,NEM
2019-04-23,32.63999938964844,32.2400016784668,32.2599983215332,32.369998931884766,11636200.0,31.447160720825195,NEM
2019-04-24,32.599998474121094,32.08000183105469,32.36000061035156,32.20000076293945,12384500.0,31.282007217407227,NEM
2019-04-25,32.83000183105469,31.170000076293945,32.83000183105469,31.6299991607666,11454200.0,30.728256225585938,NEM
2019-04-26,31.940000534057617,31.3700008392334,31.8700008392334,31.459999084472656,11462100.0,30.56310272216797,NEM
2019-04-29,31.450000762939453,30.59000015258789,31.34000015258789,30.760000228881836,13552700.0,29.883060455322266,NEM
2019-04-30,31.09000015258789,30.530000686645508,30.739999771118164,31.059999465942383,9588600.0,30.17450714111328,NEM
2019-05-01,31.06999969482422,30.079999923706055,30.899999618530273,30.31999969482422,7707000.0,29.455604553222656,NEM
2019-05-02,30.420000076293945,29.940000534057617,30.040000915527344,30.100000381469727,8289700.0,29.24187469482422,NEM
2019-05-03,30.639999389648438,30.18000030517578,30.43000030517578,30.219999313354492,7044100.0,29.35845375061035,NEM
2019-05-06,30.1299991607666,29.81999969482422,30.110000610351562,29.940000534057617,6190800.0,29.086437225341797,NEM
2019-05-07,30.829999923706055,29.860000610351562,30.0,30.719999313354492,13692300.0,29.844200134277344,NEM
2019-05-08,31.1299991607666,30.010000228881836,30.860000610351562,30.200000762939453,8983600.0,29.33902359008789,NEM
2019-05-09,30.459999084472656,29.84000015258789,30.1200008392334,29.93000030517578,6850800.0,29.076723098754883,NEM
2019-05-10,30.3700008392334,29.770000457763672,29.979999542236328,30.149999618530273,7544400.0,29.290451049804688,NEM
2019-05-13,31.079999923706055,30.209999084472656,30.469999313354492,30.90999984741211,9641700.0,30.028783798217773,NEM
2019-05-14,30.889999389648438,30.6200008392334,30.850000381469727,30.829999923706055,6982100.0,29.95106315612793,NEM
2019-05-15,31.010000228881836,30.6299991607666,30.950000762939453,30.690000534057617,9298100.0,29.8150577545166,NEM
2019-05-16,30.700000762939453,30.209999084472656,30.5,30.549999237060547,6742100.0,29.679046630859375,NEM
2019-05-17,30.979999542236328,30.31999969482422,30.420000076293945,30.920000076293945,6777900.0,30.038497924804688,NEM
2019-05-20,31.43000030517578,30.799999237060547,30.899999618530273,31.170000076293945,6864800.0,30.281370162963867,NEM
2019-05-21,31.450000762939453,30.799999237060547,30.93000030517578,31.34000015258789,7162200.0,30.446521759033203,NEM
2019-05-22,31.540000915527344,31.209999084472656,31.3700008392334,31.31999969482422,7263000.0,30.427095413208008,NEM
2019-05-23,32.029998779296875,31.31999969482422,31.600000381469727,31.639999389648438,8810000.0,30.73797035217285,NEM
2019-05-24,31.969999313354492,31.469999313354492,31.540000915527344,31.920000076293945,6135400.0,31.009990692138672,NEM
2019-05-28,31.8799991607666,31.469999313354492,31.75,31.670000076293945,11372900.0,30.767120361328125,NEM
2019-05-29,31.709999084472656,31.100000381469727,31.579999923706055,31.600000381469727,6370900.0,30.699113845825195,NEM
2019-05-30,32.16999816894531,31.600000381469727,31.719999313354492,32.09000015258789,6749100.0,31.17514419555664,NEM
2019-05-31,33.400001525878906,32.369998931884766,32.459999084472656,33.09000015258789,13522400.0,32.146636962890625,NEM
2019-06-03,33.630001068115234,32.86000061035156,33.29999923706055,33.630001068115234,11862600.0,32.671241760253906,NEM
2019-06-04,34.36000061035156,33.25,33.5,34.36000061035156,12264300.0,33.380428314208984,NEM
2019-06-05,34.75,34.060001373291016,34.540000915527344,34.4900016784668,10111000.0,33.643802642822266,NEM
2019-06-06,35.400001525878906,34.5099983215332,34.61000061035156,35.310001373291016,11645600.0,34.443687438964844,NEM
2019-06-07,35.849998474121094,35.2599983215332,35.4900016784668,35.66999816894531,11352800.0,34.79485321044922,NEM
2019-06-10,35.34000015258789,34.84000015258789,35.13999938964844,35.290000915527344,9607000.0,34.42417907714844,NEM
2019-06-11,35.38999938964844,34.83000183105469,35.2599983215332,34.91999816894531,15816500.0,34.06324768066406,NEM
2019-06-12,35.66999816894531,35.09000015258789,35.09000015258789,35.470001220703125,9086200.0,34.59975814819336,NEM
2019-06-13,35.84000015258789,35.369998931884766,35.529998779296875,35.54999923706055,8126100.0,34.677799224853516,NEM
2019-06-14,36.2400016784668,35.689998626708984,35.7599983215332,35.93000030517578,9563500.0,35.04846954345703,NEM
2019-06-17,36.25,35.65999984741211,35.90999984741211,36.220001220703125,7435200.0,35.33135986328125,NEM
2019-06-18,36.630001068115234,35.810001373291016,36.5,36.0099983215332,9284700.0,35.12650680541992,NEM
2019-06-19,36.5,35.61000061035156,35.7599983215332,36.36000061035156,11639800.0,35.467926025390625,NEM
2019-06-20,38.470001220703125,37.369998931884766,37.599998474121094,37.58000183105469,19911400.0,36.65799331665039,NEM
2019-06-21,37.880001068115234,37.27000045776367,37.599998474121094,37.4900016784668,19060400.0,36.5702018737793,NEM
2019-06-24,38.439998626708984,37.41999816894531,37.7400016784668,38.439998626708984,13605300.0,37.49689483642578,NEM
2019-06-25,38.7400016784668,37.939998626708984,38.650001525878906,37.939998626708984,13505400.0,37.0091552734375,NEM
2019-06-26,38.31999969482422,37.209999084472656,37.45000076293945,38.27000045776367,9849000.0,37.3310661315918,NEM
2019-06-27,38.130001068115234,37.689998626708984,37.880001068115234,38.08000183105469,7232900.0,37.145729064941406,NEM
2019-06-28,38.47999954223633,37.869998931884766,38.040000915527344,38.470001220703125,9132600.0,37.526153564453125,NEM
2019-07-01,37.9900016784668,37.209999084472656,37.630001068115234,37.90999984741211,8806600.0,36.979896545410156,NEM
2019-07-02,38.529998779296875,37.79999923706055,38.040000915527344,38.439998626708984,7180100.0,37.49689483642578,NEM
2019-07-03,38.90999984741211,38.290000915527344,38.58000183105469,38.7599983215332,5049300.0,37.80903625488281,NEM
2019-07-05,38.529998779296875,37.36000061035156,37.869998931884766,38.41999816894531,6581900.0,37.477378845214844,NEM
2019-07-08,38.66999816894531,38.029998779296875,38.58000183105469,38.290000915527344,4820500.0,37.35057067871094,NEM
2019-07-09,38.7599983215332,38.0,38.02000045776367,38.7599983215332,5115100.0,37.80903625488281,NEM
2019-07-10,39.130001068115234,38.7400016784668,38.9900016784668,39.04999923706055,6114200.0,38.09192657470703,NEM
2019-07-11,39.400001525878906,38.75,38.97999954223633,39.279998779296875,6613800.0,38.3162841796875,NEM
2019-07-12,39.4900016784668,39.15999984741211,39.369998931884766,39.41999816894531,4164500.0,38.45284652709961,NEM
2019-07-15,39.470001220703125,38.849998474121094,39.380001068115234,39.16999816894531,4264800.0,38.208980560302734,NEM
2019-07-16,39.2400016784668,38.54999923706055,39.119998931884766,38.689998626708984,6542500.0,37.74075698852539,NEM
2019-07-17,39.31999969482422,38.630001068115234,38.790000915527344,39.060001373291016,6436300.0,38.1016845703125,NEM
2019-07-18,39.97999954223633,38.68000030517578,38.84000015258789,39.70000076293945,9102600.0,38.725975036621094,NEM
2019-07-19,39.84000015258789,38.90999984741211,39.279998779296875,39.290000915527344,7218600.0,38.32603454589844,NEM
2019-07-22,39.90999984741211,39.189998626708984,39.36000061035156,39.900001525878906,6543100.0,38.92107391357422,NEM
2019-07-23,40.33000183105469,39.4900016784668,39.84000015258789,39.619998931884766,6647500.0,38.64793395996094,NEM
2019-07-24,39.7599983215332,39.189998626708984,39.59000015258789,39.29999923706055,7806900.0,38.33578872680664,NEM
2019-07-25,39.68000030517578,37.119998931884766,38.33000183105469,38.25,13468500.0,37.311546325683594,NEM
2019-07-26,38.189998626708984,36.900001525878906,38.029998779296875,37.279998779296875,10396600.0,36.365352630615234,NEM
2019-07-29,37.77000045776367,37.189998626708984,37.47999954223633,37.709999084472656,7817300.0,36.78479766845703,NEM
2019-07-30,37.93000030517578,37.380001068115234,37.79999923706055,37.72999954223633,4468900.0,36.8043098449707,NEM
2019-07-31,37.599998474121094,36.029998779296875,37.47999954223633,36.52000045776367,10687000.0,35.623992919921875,NEM
2019-08-01,37.38999938964844,35.650001525878906,35.970001220703125,37.150001525878906,11935000.0,36.23854446411133,NEM
2019-08-02,37.2599983215332,36.65999984741211,36.83000183105469,36.90999984741211,5882600.0,36.004425048828125,NEM
2019-08-05,38.2599983215332,37.25,37.90999984741211,37.41999816894531,10606100.0,36.501914978027344,NEM
2019-08-06,38.06999969482422,37.040000915527344,37.279998779296875,37.9900016784668,7883800.0,37.05792999267578,NEM
2019-08-07,39.939998626708984,38.77000045776367,38.79999923706055,39.349998474121094,15810900.0,38.38456344604492,NEM
2019-08-08,39.45000076293945,38.79999923706055,39.029998779296875,39.290000915527344,8680600.0,38.32603454589844,NEM
2019-08-09,39.5,38.959999084472656,39.22999954223633,39.029998779296875,6166300.0,38.072418212890625,NEM
2019-08-12,39.459999084472656,38.130001068115234,39.34000015258789,38.459999084472656,6174800.0,37.51639938354492,NEM
2019-08-13,39.11000061035156,37.27000045776367,39.11000061035156,37.65999984741211,10083500.0,36.73603057861328,NEM
2019-08-14,39.22999954223633,37.959999084472656,38.599998474121094,37.970001220703125,11955500.0,37.038421630859375,NEM
2019-08-15,38.689998626708984,37.72999954223633,37.810001373291016,38.52000045776367,6283300.0,37.57493209838867,NEM
2019-08-16,38.650001525878906,38.099998474121094,38.150001525878906,38.58000183105469,6727800.0,37.633460998535156,NEM
2019-08-19,38.4900016784668,37.84000015258789,38.029998779296875,38.130001068115234,5102000.0,37.19449996948242,NEM
2019-08-20,38.81999969482422,38.189998626708984,38.2599983215332,38.56999969482422,8847000.0,37.62369918823242,NEM
2019-08-21,38.650001525878906,38.20000076293945,38.33000183105469,38.529998779296875,4826200.0,37.584678649902344,NEM
2019-08-22,38.7599983215332,38.29999923706055,38.43000030517578,38.4900016784668,4176600.0,37.5456657409668,NEM
2019-08-23,39.70000076293945,38.52000045776367,38.83000183105469,39.29999923706055,10360100.0,38.33578872680664,NEM
2019-08-26,39.900001525878906,39.209999084472656,39.54999923706055,39.45000076293945,5598000.0,38.48211669921875,NEM
2019-08-27,40.9900016784668,39.560001373291016,39.61000061035156,40.75,9059900.0,39.750213623046875,NEM
2019-08-28,41.22999954223633,40.470001220703125,40.959999084472656,40.869998931884766,7510800.0,39.86727523803711,NEM
2019-08-29,40.970001220703125,39.779998779296875,40.959999084472656,40.11000061035156,6952000.0,39.12591552734375,NEM
2019-08-30,40.279998779296875,39.630001068115234,39.959999084472656,39.88999938964844,7082600.0,38.91131591796875,NEM
2019-09-03,40.93000030517578,40.0,40.0099983215332,40.38999938964844,7728300.0,39.3990478515625,NEM
2019-09-04,41.060001373291016,40.2599983215332,40.52000045776367,41.02000045776367,4671000.0,40.01359558105469,NEM
2019-09-05,40.79999923706055,38.959999084472656,40.7599983215332,39.34000015258789,10148300.0,38.37480926513672,NEM
2019-09-06,39.58000183105469,38.619998931884766,39.439998626708984,38.65999984741211,7188000.0,37.71149444580078,NEM
2019-09-09,39.75,37.75,39.2400016784668,38.060001373291016,8940800.0,37.126216888427734,NEM
2019-09-10,38.58000183105469,37.54999923706055,37.7599983215332,38.15999984741211,6777700.0,37.22376251220703,NEM
2019-09-11,39.47999954223633,38.310001373291016,38.43000030517578,38.720001220703125,7710000.0,37.90910339355469,NEM
2019-09-12,40.16999816894531,38.619998931884766,39.720001220703125,38.65999984741211,8816600.0,37.85036087036133,NEM
2019-09-13,39.02000045776367,38.189998626708984,38.7599983215332,38.619998931884766,9773600.0,37.81119918823242,NEM
2019-09-16,39.20000076293945,38.08000183105469,39.04999923706055,38.47999954223633,9420200.0,37.674129486083984,NEM
2019-09-17,40.16999816894531,38.52000045776367,38.61000061035156,39.599998474121094,10407300.0,38.77067184448242,NEM
2019-09-18,39.790000915527344,38.290000915527344,39.529998779296875,39.04999923706055,7375600.0,38.23219299316406,NEM
2019-09-19,39.58000183105469,39.11000061035156,39.380001068115234,39.38999938964844,4005200.0,38.56507110595703,NEM
2019-09-20,39.900001525878906,39.29999923706055,39.5,39.84000015258789,8300400.0,39.005645751953125,NEM
2019-09-23,40.15999984741211,39.540000915527344,39.79999923706055,39.849998474121094,6390400.0,39.015438079833984,NEM
2019-09-24,40.650001525878906,39.36000061035156,39.45000076293945,40.290000915527344,7122400.0,39.446224212646484,NEM
2019-09-25,40.20000076293945,39.11000061035156,40.099998474121094,39.56999969482422,5889800.0,38.74130630493164,NEM
2019-09-26,39.86000061035156,39.13999938964844,39.59000015258789,39.369998931884766,6263800.0,38.54548645019531,NEM
2019-09-27,38.790000915527344,38.310001373291016,38.70000076293945,38.400001525878906,9737400.0,37.59580612182617,NEM
2019-09-30,38.36000061035156,37.45000076293945,37.630001068115234,37.91999816894531,8069500.0,37.1258544921875,NEM
2019-10-01,38.220001220703125,37.470001220703125,37.54999923706055,37.560001373291016,7493200.0,36.773399353027344,NEM
2019-10-02,38.29999923706055,37.47999954223633,38.119998931884766,37.869998931884766,7175800.0,37.076904296875,NEM
2019-10-03,38.77000045776367,37.95000076293945,38.15999984741211,38.119998931884766,5497600.0,37.32167053222656,NEM
2019-10-04,38.560001373291016,37.61000061035156,37.880001068115234,38.310001373291016,5038200.0,37.5076904296875,NEM
2019-10-07,38.45000076293945,37.779998779296875,37.959999084472656,38.2599983215332,4426800.0,37.45873260498047,NEM
2019-10-08,38.970001220703125,38.349998474121094,38.72999954223633,38.91999816894531,5972600.0,38.104915618896484,NEM
2019-10-09,39.11000061035156,38.560001373291016,38.81999969482422,38.779998779296875,4984800.0,37.96784210205078,NEM
2019-10-10,39.029998779296875,38.220001220703125,38.88999938964844,38.939998626708984,5189800.0,38.12449645996094,NEM
2019-10-11,38.65999984741211,37.54999923706055,38.400001525878906,37.619998931884766,9358600.0,36.8321418762207,NEM
2019-10-14,38.099998474121094,37.45000076293945,37.56999969482422,38.0,4264300.0,37.20417785644531,NEM
2019-10-15,38.09000015258789,37.63999938964844,37.70000076293945,37.689998626708984,4892900.0,36.900672912597656,NEM
2019-10-16,37.869998931884766,37.2599983215332,37.849998474121094,37.83000183105469,5139700.0,37.037742614746094,NEM
2019-10-17,38.790000915527344,37.65999984741211,37.810001373291016,38.310001373291016,4821800.0,37.5076904296875,NEM
2019-10-18,38.599998474121094,38.08000183105469,38.290000915527344,38.439998626708984,4616100.0,37.63496780395508,NEM
2019-10-21,38.650001525878906,37.720001220703125,38.650001525878906,37.959999084472656,4362000.0,37.165016174316406,NEM
2019-10-22,38.439998626708984,37.709999084472656,37.970001220703125,37.79999923706055,5796800.0,37.00836944580078,NEM
2019-10-23,38.900001525878906,38.040000915527344,38.400001525878906,38.380001068115234,5186200.0,37.576229095458984,NEM
2019-10-24,39.27000045776367,38.45000076293945,38.599998474121094,39.099998474121094,4402300.0,38.28114318847656,NEM
2019-10-25,39.779998779296875,38.9900016784668,39.599998474121094,39.18000030517578,4970300.0,38.359466552734375,NEM
2019-10-28,38.95000076293945,38.529998779296875,38.810001373291016,38.849998474121094,4266500.0,38.036376953125,NEM
2019-10-29,39.27000045776367,38.279998779296875,38.40999984741211,38.84000015258789,4550200.0,38.026588439941406,NEM
2019-10-30,39.310001373291016,38.47999954223633,38.75,39.040000915527344,4983000.0,38.2224006652832,NEM
2019-10-31,39.7599983215332,39.040000915527344,39.189998626708984,39.72999954223633,5360500.0,38.89794921875,NEM
2019-11-01,39.86000061035156,39.33000183105469,39.68000030517578,39.61000061035156,6446700.0,38.78046798706055,NEM
2019-11-04,39.59000015258789,38.810001373291016,39.52000045776367,38.88999938964844,7374600.0,38.07554626464844,NEM
2019-11-05,38.959999084472656,36.63999938964844,38.25,37.54999923706055,12383900.0,36.763607025146484,NEM
2019-11-06,37.91999816894531,37.310001373291016,37.720001220703125,37.650001525878906,5998000.0,36.86151123046875,NEM
2019-11-07,37.369998931884766,36.63999938964844,37.369998931884766,36.93000030517578,7555700.0,36.156593322753906,NEM
2019-11-08,36.689998626708984,36.06999969482422,36.2400016784668,36.61000061035156,8739900.0,35.843292236328125,NEM
2019-11-11,36.90999984741211,36.459999084472656,36.5099983215332,36.709999084472656,4957600.0,35.941200256347656,NEM
2019-11-12,37.119998931884766,36.47999954223633,36.79999923706055,36.900001525878906,4522000.0,36.127220153808594,NEM
2019-11-13,37.630001068115234,37.029998779296875,37.029998779296875,37.369998931884766,4728200.0,36.587371826171875,NEM
2019-11-14,37.77000045776367,37.369998931884766,37.5,37.540000915527344,3908500.0,36.753814697265625,NEM
2019-11-15,37.66999816894531,37.189998626708984,37.279998779296875,37.61000061035156,3475500.0,36.822349548339844,NEM
2019-11-18,38.08000183105469,37.43000030517578,37.52000045776367,38.060001373291016,4946200.0,37.2629280090332,NEM
2019-11-19,38.72999954223633,37.93000030517578,38.029998779296875,38.349998474121094,5652800.0,37.54684829711914,NEM
2019-11-20,38.75,38.0099983215332,38.40999984741211,38.470001220703125,5026500.0,37.664337158203125,NEM
2019-11-21,38.54999923706055,38.099998474121094,38.369998931884766,38.209999084472656,4116700.0,37.4097785949707,NEM
2019-11-22,38.33000183105469,37.84000015258789,38.27000045776367,38.09000015258789,3573000.0,37.292301177978516,NEM
2019-11-25,38.20000076293945,37.689998626708984,37.90999984741211,37.7599983215332,6133500.0,36.969207763671875,NEM
2019-11-26,38.150001525878906,37.61000061035156,37.84000015258789,38.13999938964844,11105300.0,37.34124755859375,NEM
2019-11-27,38.380001068115234,37.83000183105469,37.83000183105469,38.18000030517578,3772300.0,37.380409240722656,NEM
2019-11-29,38.56999969482422,38.119998931884766,38.18000030517578,38.400001525878906,2883900.0,37.59580612182617,NEM
2019-12-02,39.04999923706055,38.25,38.29999923706055,38.7400016784668,6762000.0,37.92868423461914,NEM
2019-12-03,39.61000061035156,38.88999938964844,39.029998779296875,39.380001068115234,9374200.0,38.55527877807617,NEM
2019-12-04,39.54999923706055,39.029998779296875,39.09000015258789,39.130001068115234,6389700.0,38.447200775146484,NEM
2019-12-05,40.189998626708984,39.08000183105469,39.119998931884766,40.0,9989100.0,39.30201721191406,NEM
2019-12-06,40.0099983215332,39.380001068115234,39.380001068115234,39.79999923706055,6397800.0,39.10551071166992,NEM
2019-12-09,40.189998626708984,39.540000915527344,40.119998931884766,39.720001220703125,6191700.0,39.02690505981445,NEM
2019-12-10,40.040000915527344,39.59000015258789,39.810001373291016,39.9900016784668,7025300.0,39.29219055175781,NEM
2019-12-11,40.95000076293945,40.150001525878906,40.33000183105469,40.900001525878906,7981800.0,40.186317443847656,NEM
2019-12-12,41.279998779296875,40.56999969482422,41.099998474121094,41.119998931884766,7604500.0,40.40247344970703,NEM
2019-12-13,41.40999984741211,40.65999984741211,40.779998779296875,41.290000915527344,5542900.0,40.56951141357422,NEM
2019-12-16,41.45000076293945,40.7400016784668,41.38999938964844,40.9900016784668,6745600.0,40.27474594116211,NEM
2019-12-17,41.209999084472656,40.41999816894531,41.099998474121094,40.470001220703125,6555500.0,39.76382064819336,NEM
2019-12-18,40.9900016784668,40.349998474121094,40.470001220703125,40.97999954223633,9230400.0,40.26491928100586,NEM
2019-12-19,41.06999969482422,40.630001068115234,41.0,40.880001068115234,5743300.0,40.166664123535156,NEM
2019-12-20,41.209999084472656,40.77000045776367,40.939998626708984,40.93000030517578,12074100.0,40.21579360961914,NEM
2019-12-23,41.83000183105469,40.849998474121094,41.0,41.77000045776367,8136500.0,41.041133880615234,NEM
2019-12-24,42.34000015258789,41.81999969482422,41.95000076293945,42.18000030517578,5370200.0,41.44397735595703,NEM
2019-12-26,42.72999954223633,42.279998779296875,42.400001525878906,42.689998626708984,4441100.0,41.9450798034668,NEM
2019-12-27,43.040000915527344,42.54999923706055,42.560001373291016,42.709999084472656,4971700.0,41.96472930908203,NEM
2019-12-30,43.88999938964844,42.81999969482422,42.81999969482422,43.75,5947800.0,42.9865837097168,NEM
2019-12-31,44.08000183105469,43.220001220703125,44.0,43.45000076293945,6608700.0,42.69181823730469,NEM
2020-01-02,43.880001068115234,43.189998626708984,43.54999923706055,43.220001220703125,6287500.0,42.4658317565918,NEM
2020-01-03,44.040000915527344,42.790000915527344,43.75,42.83000183105469,9148900.0,42.082637786865234,NEM
2020-01-06,43.849998474121094,42.97999954223633,43.7599983215332,43.2599983215332,10416400.0,42.505130767822266,NEM
2020-01-07,43.52000045776367,42.97999954223633,43.15999984741211,43.22999954223633,9378300.0,42.47565460205078,NEM
2020-01-08,43.38999938964844,41.959999084472656,43.2599983215332,42.08000183105469,9455300.0,41.345726013183594,NEM
2020-01-09,42.2599983215332,41.54999923706055,41.7400016784668,41.65999984741211,6096000.0,40.93305206298828,NEM
2020-01-10,42.349998474121094,41.70000076293945,41.72999954223633,42.27000045776367,6672600.0,41.53240966796875,NEM
2020-01-13,42.90999984741211,42.36000061035156,42.529998779296875,42.45000076293945,4808200.0,41.70927047729492,NEM
2020-01-14,42.849998474121094,42.11000061035156,42.27000045776367,42.83000183105469,6072600.0,42.082637786865234,NEM
2020-01-15,43.650001525878906,42.869998931884766,42.9900016784668,43.52000045776367,5997900.0,42.76059341430664,NEM
2020-01-16,43.84000015258789,43.09000015258789,43.45000076293945,43.81999969482422,5895500.0,43.05535888671875,NEM
2020-01-17,44.0099983215332,43.36000061035156,43.84000015258789,43.47999954223633,9702500.0,42.72129440307617,NEM
2020-01-21,43.7599983215332,43.09000015258789,43.22999954223633,43.709999084472656,7471400.0,42.94728088378906,NEM
2020-01-22,43.86000061035156,43.41999816894531,43.7400016784668,43.779998779296875,4257500.0,43.01605987548828,NEM
2020-01-23,43.93000030517578,43.130001068115234,43.25,43.70000076293945,5526700.0,42.93745803833008,NEM
2020-01-24,44.36000061035156,43.459999084472656,43.650001525878906,44.290000915527344,5677500.0,43.51716232299805,NEM
2020-01-27,45.36000061035156,44.25,44.83000183105469,44.560001373291016,7131800.0,43.78245162963867,NEM
2020-01-28,44.4900016784668,43.7400016784668,44.209999084472656,44.29999923706055,6324400.0,43.5269889831543,NEM
2020-01-29,44.709999084472656,44.040000915527344,44.29999923706055,44.619998931884766,4064400.0,43.84140396118164,NEM
2020-01-30,45.220001220703125,44.43000030517578,44.900001525878906,44.970001220703125,6521700.0,44.18529510498047,NEM
2020-01-31,45.40999984741211,44.869998931884766,44.95000076293945,45.060001373291016,7670900.0,44.27372741699219,NEM
2020-02-03,45.709999084472656,44.79999923706055,44.81999969482422,45.59000015258789,8395300.0,44.79447555541992,NEM
2020-02-04,44.970001220703125,43.529998779296875,44.91999816894531,44.22999954223633,10062600.0,43.45820999145508,NEM
2020-02-05,44.470001220703125,43.849998474121094,44.06999969482422,44.29999923706055,7318000.0,43.5269889831543,NEM
2020-02-06,44.599998474121094,44.16999816894531,44.33000183105469,44.38999938964844,4995000.0,43.615413665771484,NEM
2020-02-07,44.689998626708984,43.93000030517578,44.58000183105469,44.02000045776367,4691300.0,43.25187301635742,NEM
2020-02-10,44.63999938964844,44.029998779296875,44.09000015258789,44.41999816894531,4596500.0,43.64488983154297,NEM
2020-02-11,44.66999816894531,44.060001373291016,44.40999984741211,44.220001220703125,4584700.0,43.44838333129883,NEM
2020-02-12,44.36000061035156,43.619998931884766,44.099998474121094,43.88999938964844,4985100.0,43.12413787841797,NEM
2020-02-13,44.380001068115234,43.779998779296875,44.349998474121094,44.0099983215332,6076700.0,43.24204635620117,NEM
2020-02-14,44.34000015258789,43.79999923706055,43.880001068115234,44.06999969482422,6226600.0,43.301002502441406,NEM
2020-02-18,45.72999954223633,44.2599983215332,44.310001373291016,45.58000183105469,7514400.0,44.78465270996094,NEM
2020-02-19,46.41999816894531,45.599998474121094,45.75,46.16999816894531,8137500.0,45.364349365234375,NEM
2020-02-20,48.9900016784668,46.400001525878906,46.59000015258789,48.099998474121094,12255900.0,47.260677337646484,NEM
2020-02-21,49.59000015258789,48.34000015258789,48.959999084472656,49.439998626708984,10402900.0,48.577293395996094,NEM
2020-02-24,51.34000015258789,49.97999954223633,51.150001525878906,50.2599983215332,14746600.0,49.38298416137695,NEM
2020-02-25,51.06999969482422,49.060001373291016,49.5,49.13999938964844,11595000.0,48.282527923583984,NEM
2020-02-26,49.84000015258789,48.5099983215332,48.880001068115234,49.400001525878906,8875600.0,48.537994384765625,NEM
2020-02-27,50.16999816894531,46.41999816894531,49.939998626708984,46.529998779296875,13346800.0,45.71807098388672,NEM
2020-02-28,44.970001220703125,42.369998931884766,43.689998626708984,44.630001068115234,20172200.0,43.85123062133789,NEM
2020-03-02,46.90999984741211,45.38999938964844,45.650001525878906,46.83000183105469,12708700.0,46.012840270996094,NEM
2020-03-03,50.939998626708984,46.540000915527344,47.04999923706055,49.72999954223633,18278800.0,48.86223220825195,NEM
2020-03-04,51.06999969482422,48.54999923706055,50.20000076293945,51.0,10207100.0,50.25154495239258,NEM
2020-03-05,52.2400016784668,50.43000030517578,51.209999084472656,52.08000183105469,9960700.0,51.315696716308594,NEM
2020-03-06,52.5,50.15999984741211,52.18000030517578,52.349998474121094,12278100.0,51.58172607421875,NEM
2020-03-09,50.58000183105469,47.75,50.0,47.779998779296875,12440500.0,47.078792572021484,NEM
2020-03-10,48.90999984741211,46.369998931884766,48.54999923706055,48.380001068115234,13334700.0,47.66999053955078,NEM
2020-03-11,48.29999923706055,44.86000061035156,47.459999084472656,46.02000045776367,11533000.0,45.344627380371094,NEM
2020-03-12,47.849998474121094,39.529998779296875,41.34000015258789,44.439998626708984,14944800.0,43.787811279296875,NEM
2020-03-13,46.20000076293945,39.38999938964844,45.90999984741211,39.5,17784400.0,38.920310974121094,NEM
2020-03-16,43.189998626708984,33.0,34.380001068115234,40.72999954223633,17769500.0,40.132259368896484,NEM
2020-03-17,46.470001220703125,40.58000183105469,40.599998474121094,45.79999923706055,13940500.0,45.12785720825195,NEM
2020-03-18,46.869998931884766,40.0099983215332,44.47999954223633,41.56999969482422,12221100.0,40.959930419921875,NEM
2020-03-19,46.36000061035156,37.130001068115234,41.439998626708984,41.7400016784668,10520200.0,41.12744140625,NEM
2020-03-20,43.02000045776367,39.150001525878906,42.349998474121094,40.560001373291016,11641500.0,39.964752197265625,NEM
2020-03-23,43.939998626708984,40.38999938964844,41.439998626708984,41.65999984741211,11250200.0,41.04861068725586,NEM
2020-03-24,48.29999923706055,43.61000061035156,45.119998931884766,47.5,11861300.0,46.80290603637695,NEM
2020-03-25,48.95000076293945,45.27000045776367,47.150001525878906,47.540000915527344,11293700.0,46.84231948852539,NEM
2020-03-26,50.290000915527344,46.91999816894531,48.189998626708984,48.279998779296875,10892400.0,47.57146072387695,NEM
2020-03-27,48.88999938964844,45.709999084472656,47.2599983215332,46.349998474121094,8734900.0,45.66978454589844,NEM
2020-03-30,48.79999923706055,45.63999938964844,46.400001525878906,46.36000061035156,8988400.0,45.67963409423828,NEM
2020-03-31,47.70000076293945,44.59000015258789,45.68000030517578,45.279998779296875,10537400.0,44.615482330322266,NEM
2020-04-01,47.290000915527344,44.779998779296875,45.040000915527344,46.470001220703125,8534100.0,45.78802490234375,NEM
2020-04-02,49.75,46.560001373291016,47.06999969482422,48.22999954223633,9184000.0,47.522193908691406,NEM
2020-04-03,49.599998474121094,47.06999969482422,48.27000045776367,47.150001525878906,7800400.0,46.458045959472656,NEM
2020-04-06,51.13999938964844,48.43000030517578,48.43000030517578,50.11000061035156,11003900.0,49.37460708618164,NEM
2020-04-07,51.40999984741211,49.36000061035156,50.06999969482422,49.959999084472656,7001900.0,49.226806640625,NEM
2020-04-08,50.779998779296875,49.36000061035156,49.790000915527344,50.529998779296875,5422000.0,49.78843688964844,NEM
2020-04-09,57.70000076293945,51.130001068115234,51.130001068115234,57.310001373291016,15206700.0,56.468936920166016,NEM
2020-04-13,60.459999084472656,56.33000183105469,57.220001220703125,59.77000045776367,11329700.0,58.89283752441406,NEM
2020-04-14,61.529998779296875,58.810001373291016,60.08000183105469,59.88999938964844,11337500.0,59.01107406616211,NEM
2020-04-15,59.70000076293945,57.060001373291016,58.540000915527344,58.220001220703125,8304200.0,57.36558151245117,NEM
2020-04-16,60.0,57.849998474121094,57.849998474121094,59.900001525878906,7570800.0,59.020931243896484,NEM
2020-04-17,59.439998626708984,57.08000183105469,57.08000183105469,59.22999954223633,10473200.0,58.36076354980469,NEM
2020-04-20,60.220001220703125,58.5,59.130001068115234,59.540000915527344,8867500.0,58.66621398925781,NEM
2020-04-21,60.040000915527344,57.63999938964844,58.4900016784668,59.27000045776367,8977800.0,58.40017318725586,NEM
2020-04-22,62.150001525878906,60.5,60.95000076293945,61.72999954223633,8482400.0,60.824073791503906,NEM
2020-04-23,64.6500015258789,62.209999084472656,62.63999938964844,62.439998626708984,7648300.0,61.52364730834961,NEM
2020-04-24,63.880001068115234,61.7599983215332,63.54999923706055,63.11000061035156,6972400.0,62.18381881713867,NEM
2020-04-27,63.68000030517578,60.86000061035156,63.2599983215332,62.61000061035156,5424400.0,61.691158294677734,NEM
2020-04-28,63.2400016784668,60.93000030517578,61.58000183105469,62.66999816894531,6062200.0,61.750274658203125,NEM
2020-04-29,62.79999923706055,60.91999816894531,62.0099983215332,62.349998474121094,7349200.0,61.43497085571289,NEM
2020-04-30,62.310001373291016,59.36000061035156,61.25,59.47999954223633,6981800.0,58.607093811035156,NEM
2020-05-01,61.310001373291016,58.209999084472656,58.650001525878906,60.9900016784668,6214100.0,60.094932556152344,NEM
2020-05-04,63.130001068115234,61.209999084472656,62.099998474121094,62.7400016784668,8285100.0,61.81925582885742,NEM
2020-05-05,65.05999755859375,61.33000183105469,62.689998626708984,64.91000366210938,7367400.0,63.95741271972656,NEM
2020-05-06,64.93000030517578,62.27000045776367,64.0199966430664,62.43000030517578,7239500.0,61.51380157470703,NEM
2020-05-07,65.37000274658203,62.720001220703125,63.34000015258789,64.55999755859375,7032400.0,63.6125373840332,NEM
2020-05-08,66.05999755859375,64.06999969482422,64.9800033569336,64.55000305175781,6370900.0,63.60268783569336,NEM
2020-05-11,64.80999755859375,61.83000183105469,64.06999969482422,62.95000076293945,5997300.0,62.02616882324219,NEM
2020-05-12,64.47000122070312,62.349998474121094,63.20000076293945,62.47999954223633,5181700.0,61.56306457519531,NEM
2020-05-13,64.5,62.58000183105469,63.34000015258789,63.88999938964844,6876200.0,62.95237350463867,NEM
2020-05-14,67.0999984741211,64.08000183105469,64.16999816894531,66.63999938964844,8611300.0,65.66201782226562,NEM
2020-05-15,68.47000122070312,67.0,67.95999908447266,67.9000015258789,7419300.0,66.90352630615234,NEM
2020-05-18,68.7699966430664,65.87999725341797,68.13999938964844,66.26000213623047,8210800.0,65.28759002685547,NEM
2020-05-19,69.12999725341797,66.3499984741211,66.62000274658203,67.37999725341797,7241600.0,66.39115142822266,NEM
2020-05-20,67.75,65.51000213623047,67.37999725341797,65.72000122070312,7607900.0,64.7555160522461,NEM
2020-05-21,65.04000091552734,62.29999923706055,65.0,63.47999954223633,7481000.0,62.54838943481445,NEM
2020-05-22,64.9800033569336,62.779998779296875,64.33999633789062,63.04999923706055,4513000.0,62.12470245361328,NEM
2020-05-26,61.75,59.0,61.72999954223633,59.209999084472656,11325300.0,58.3410530090332,NEM
2020-05-27,58.7400016784668,55.75,57.11000061035156,58.72999954223633,14701700.0,57.86809539794922,NEM
2020-05-28,60.380001068115234,57.939998626708984,60.13999938964844,58.720001220703125,8497400.0,57.858245849609375,NEM
2020-05-29,60.29999923706055,58.38999938964844,60.0,58.470001220703125,23792900.0,57.611915588378906,NEM
2020-06-01,60.5099983215332,58.810001373291016,58.95000076293945,60.4900016784668,8050300.0,59.60226821899414,NEM
2020-06-02,60.90999984741211,57.95000076293945,60.900001525878906,58.470001220703125,7525700.0,57.611915588378906,NEM
2020-06-03,57.650001525878906,55.15999984741211,56.88999938964844,56.02000045776367,11839500.0,55.43489456176758,NEM
2020-06-04,57.65999984741211,55.40999984741211,57.0,55.900001525878906,10132800.0,55.31614685058594,NEM
2020-06-05,54.97999954223633,52.33000183105469,53.959999084472656,54.7599983215332,13454200.0,54.18804931640625,NEM
2020-06-08,55.63999938964844,53.5,54.38999938964844,55.540000915527344,9502300.0,54.95990753173828,NEM
2020-06-09,57.45000076293945,55.72999954223633,57.11000061035156,57.16999816894531,11910600.0,56.572879791259766,NEM
2020-06-10,58.86000061035156,55.77000045776367,58.25,58.72999954223633,12081200.0,58.11658477783203,NEM
2020-06-11,59.880001068115234,54.9900016784668,59.150001525878906,56.040000915527344,15915100.0,55.45468521118164,NEM
2020-06-12,56.9900016784668,55.119998931884766,56.880001068115234,55.45000076293945,8706500.0,54.870849609375,NEM
2020-06-15,57.13999938964844,53.15999984741211,54.09000015258789,56.849998474121094,12170800.0,56.256221771240234,NEM
2020-06-16,57.56999969482422,55.5099983215332,56.900001525878906,55.95000076293945,10933300.0,55.365623474121094,NEM
2020-06-17,56.939998626708984,55.22999954223633,56.27000045776367,55.58000183105469,10072300.0,54.999488830566406,NEM
2020-06-18,56.630001068115234,55.2400016784668,55.619998931884766,55.529998779296875,9728800.0,54.950008392333984,NEM
2020-06-19,57.400001525878906,55.77000045776367,56.5099983215332,56.91999816894531,19096800.0,56.32549285888672,NEM
2020-06-22,59.88999938964844,57.810001373291016,58.34000015258789,58.220001220703125,14243300.0,57.61191177368164,NEM
2020-06-23,59.900001525878906,58.66999816894531,59.56999969482422,58.90999984741211,12777600.0,58.294708251953125,NEM
2020-06-24,59.54999923706055,57.77000045776367,58.72999954223633,58.40999984741211,8164900.0,57.799930572509766,NEM
2020-06-25,58.709999084472656,57.470001220703125,58.470001220703125,58.59000015258789,6045600.0,57.978050231933594,NEM
2020-06-26,60.09000015258789,57.689998626708984,58.38999938964844,59.34000015258789,18586600.0,58.72021484375,NEM
2020-06-29,59.95000076293945,58.65999984741211,59.47999954223633,59.540000915527344,7236400.0,58.918128967285156,NEM
2020-06-30,61.970001220703125,59.18000030517578,59.56999969482422,61.7400016784668,9284100.0,61.095149993896484,NEM
2020-07-01,61.77000045776367,59.599998474121094,61.77000045776367,61.36000061035156,10870900.0,60.719120025634766,NEM
2020-07-02,61.9900016784668,60.220001220703125,60.88999938964844,60.959999084472656,8075700.0,60.32329559326172,NEM
2020-07-06,62.310001373291016,60.5,61.849998474121094,61.18000030517578,8335700.0,60.54099655151367,NEM
2020-07-07,62.63999938964844,60.84000015258789,60.86000061035156,62.470001220703125,9097300.0,61.817527770996094,NEM
2020-07-08,64.23999786376953,62.70000076293945,63.790000915527344,63.43000030517578,10902300.0,62.76749801635742,NEM
2020-07-09,64.54000091552734,61.560001373291016,64.2699966430664,62.72999954223633,8702200.0,62.074806213378906,NEM
2020-07-10,63.04999923706055,61.619998931884766,62.630001068115234,61.880001068115234,6189000.0,61.23368453979492,NEM
2020-07-13,62.72999954223633,59.459999084472656,62.56999969482422,59.540000915527344,8324400.0,58.918128967285156,NEM
2020-07-14,61.79999923706055,59.04999923706055,59.369998931884766,61.77000045776367,6881600.0,61.12483596801758,NEM
2020-07-15,62.18000030517578,60.40999984741211,61.650001525878906,62.13999938964844,5705300.0,61.490970611572266,NEM
2020-07-16,62.61000061035156,61.209999084472656,61.810001373291016,61.54999923706055,6165200.0,60.90713119506836,NEM
2020-07-17,63.15999984741211,61.77000045776367,62.08000183105469,62.91999816894531,6962700.0,62.262821197509766,NEM
2020-07-20,64.44000244140625,63.209999084472656,63.47999954223633,64.19000244140625,7338500.0,63.519561767578125,NEM
2020-07-21,65.44999694824219,63.86000061035156,65.0,64.29000091552734,7196000.0,63.6185188293457,NEM
2020-07-22,65.55000305175781,63.970001220703125,64.72000122070312,65.47000122070312,7099400.0,64.78619384765625,NEM
2020-07-23,67.08000183105469,64.63999938964844,65.69999694824219,65.7699966430664,9992800.0,65.08305358886719,NEM
2020-07-24,66.80000305175781,65.8499984741211,66.26000213623047,66.75,6951000.0,66.05282592773438,NEM
2020-07-27,70.30000305175781,68.08999633789062,68.69000244140625,69.04000091552734,12918300.0,68.31890106201172,NEM
2020-07-28,69.2300033569336,67.2300033569336,67.88999938964844,68.58999633789062,6533400.0,67.87359619140625,NEM
2020-07-29,68.83999633789062,66.8499984741211,68.77999877929688,67.88999938964844,7333900.0,67.18091583251953,NEM
2020-07-30,67.86000061035156,64.52999877929688,66.20999908447266,65.66000366210938,7179200.0,64.97421264648438,NEM
2020-07-31,69.22000122070312,65.76000213623047,66.61000061035156,69.19999694824219,8989400.0,68.47722625732422,NEM
2020-08-03,69.4000015258789,67.48999786376953,69.19999694824219,68.1500015258789,6137400.0,67.43819427490234,NEM
2020-08-04,70.44999694824219,67.30000305175781,68.37000274658203,70.25,7627100.0,69.51626586914062,NEM
2020-08-05,72.22000122070312,69.77999877929688,71.76000213623047,70.37000274658203,7682300.0,69.635009765625,NEM
2020-08-06,71.33999633789062,69.3499984741211,71.19000244140625,70.11000061035156,6786500.0,69.37773132324219,NEM
2020-08-07,69.48999786376953,68.36000061035156,69.0199966430664,68.91000366210938,6067700.0,68.19026947021484,NEM
2020-08-10,70.4000015258789,67.51000213623047,69.25,67.88999938964844,5607100.0,67.18091583251953,NEM
2020-08-11,64.94000244140625,62.650001525878906,64.58999633789062,62.869998931884766,11407200.0,62.21334457397461,NEM
2020-08-12,64.62999725341797,62.689998626708984,64.47000122070312,62.9900016784668,8273200.0,62.33209228515625,NEM
2020-08-13,64.70999908447266,63.34000015258789,64.02999877929688,64.11000061035156,5629400.0,63.44039535522461,NEM
2020-08-14,64.52999877929688,63.36000061035156,64.22000122070312,63.849998474121094,3869200.0,63.183109283447266,NEM
2020-08-17,68.37000274658203,65.55999755859375,66.12000274658203,68.3499984741211,8442100.0,67.6361083984375,NEM
2020-08-18,69.80999755859375,66.76000213623047,69.80000305175781,67.69999694824219,5309200.0,66.9928970336914,NEM
2020-08-19,68.26000213623047,65.38999938964844,67.18000030517578,65.9800033569336,6093700.0,65.2908706665039,NEM
2020-08-20,67.52999877929688,65.7300033569336,65.9800033569336,67.2300033569336,4623200.0,66.52781677246094,NEM
2020-08-21,66.73999786376953,65.22000122070312,66.73999786376953,65.56999969482422,5430200.0,64.88514709472656,NEM
2020-08-24,66.51000213623047,64.77999877929688,66.44999694824219,65.19999694824219,4546900.0,64.51900482177734,NEM
2020-08-25,65.0999984741211,63.2599983215332,65.02999877929688,64.86000061035156,4179400.0,64.18256378173828,NEM
2020-08-26,65.7699966430664,63.970001220703125,64.16000366210938,65.66999816894531,4141400.0,64.98410034179688,NEM
2020-08-27,66.79000091552734,63.709999084472656,66.79000091552734,64.76000213623047,4857900.0,64.08360290527344,NEM
2020-08-28,67.08999633789062,65.27999877929688,65.77999877929688,66.70999908447266,4472500.0,66.01323699951172,NEM
2020-08-31,68.22000122070312,66.68000030517578,66.9800033569336,67.27999877929688,6040600.0,66.57728576660156,NEM
2020-09-01,68.55000305175781,65.86000061035156,68.48999786376953,67.0199966430664,6145500.0,66.31999206542969,NEM
2020-09-02,67.55000305175781,64.7699966430664,66.0,67.52999877929688,7384200.0,66.82466888427734,NEM
2020-09-03,67.05000305175781,64.76000213623047,66.86000061035156,66.12999725341797,7148200.0,65.43929290771484,NEM
2020-09-04,65.81999969482422,63.349998474121094,65.66000366210938,65.3499984741211,6969200.0,64.66744232177734,NEM
2020-09-08,66.93000030517578,63.43000030517578,64.37999725341797,65.7699966430664,6152200.0,65.08305358886719,NEM
2020-09-09,68.41999816894531,66.16000366210938,66.16999816894531,68.16999816894531,5519000.0,67.71537780761719,NEM
2020-09-10,68.8499984741211,66.37000274658203,68.66999816894531,66.48999786376953,4837700.0,66.04658508300781,NEM
2020-09-11,67.62999725341797,65.80999755859375,67.12000274658203,66.22000122070312,4064900.0,65.77838897705078,NEM
2020-09-14,67.58000183105469,66.54000091552734,66.6500015258789,67.37999725341797,5007900.0,66.93064880371094,NEM
2020-09-15,68.56999969482422,67.05000305175781,68.0,67.55000305175781,4301500.0,67.09951782226562,NEM
2020-09-16,68.44000244140625,67.22000122070312,67.83999633789062,67.29000091552734,5526400.0,66.84125518798828,NEM
2020-09-17,66.58999633789062,65.37999725341797,66.1500015258789,66.31999969482422,6656600.0,65.87772369384766,NEM
2020-09-18,66.79000091552734,64.54000091552734,66.20999908447266,64.70999908447266,12537400.0,64.27845764160156,NEM
2020-09-21,64.29000091552734,62.720001220703125,63.400001525878906,63.66999816894531,9673400.0,63.245391845703125,NEM
2020-09-22,64.33999633789062,62.52000045776367,63.779998779296875,63.45000076293945,6165700.0,63.02686309814453,NEM
2020-09-23,63.09000015258789,59.79999923706055,62.9900016784668,60.220001220703125,9235800.0,59.81840133666992,NEM
2020-09-24,62.18000030517578,59.279998779296875,59.720001220703125,61.439998626708984,6268300.0,61.0302619934082,NEM
2020-09-25,61.65999984741211,60.529998779296875,60.720001220703125,61.41999816894531,3833800.0,61.01039505004883,NEM
2020-09-28,62.83000183105469,61.310001373291016,62.0,62.130001068115234,5400800.0,61.71566390991211,NEM
2020-09-29,63.45000076293945,62.38999938964844,62.5,62.77000045776367,4130400.0,62.35139465332031,NEM
2020-09-30,63.900001525878906,61.849998474121094,62.4900016784668,63.45000076293945,7212700.0,63.02686309814453,NEM
2020-10-01,64.0999984741211,62.65999984741211,64.0,62.83000183105469,6503200.0,62.41099548339844,NEM
2020-10-02,63.400001525878906,62.150001525878906,62.63999938964844,62.290000915527344,4646000.0,61.874595642089844,NEM
2020-10-05,63.95000076293945,62.27000045776367,62.29999923706055,63.130001068115234,4476700.0,62.7089958190918,NEM
2020-10-06,63.72999954223633,60.77000045776367,63.29999923706055,60.81999969482422,6970400.0,60.414398193359375,NEM
2020-10-07,61.779998779296875,60.88999938964844,61.36000061035156,61.16999816894531,4121300.0,60.762062072753906,NEM
2020-10-08,62.15999984741211,61.209999084472656,61.470001220703125,61.720001220703125,3913800.0,61.30839920043945,NEM
2020-10-09,62.91999816894531,61.849998474121094,62.720001220703125,62.81999969482422,4874700.0,62.40106201171875,NEM
2020-10-12,63.470001220703125,62.5,62.709999084472656,62.93000030517578,3875000.0,62.51033020019531,NEM
2020-10-13,62.849998474121094,61.630001068115234,62.5099983215332,62.7599983215332,4050400.0,62.341461181640625,NEM
2020-10-14,64.33000183105469,62.900001525878906,63.400001525878906,64.0,4353300.0,63.57319259643555,NEM
2020-10-15,63.63999938964844,62.47999954223633,63.18000030517578,63.0,4091800.0,62.57986068725586,NEM
2020-10-16,63.34000015258789,62.5099983215332,63.150001525878906,62.66999816894531,3582700.0,62.25205993652344,NEM
2020-10-19,63.34000015258789,61.56999969482422,63.150001525878906,61.709999084472656,3138200.0,61.2984619140625,NEM
2020-10-20,62.099998474121094,60.88999938964844,61.88999938964844,61.189998626708984,4656200.0,60.78192901611328,NEM
2020-10-21,62.380001068115234,61.2599983215332,61.66999816894531,61.47999954223633,5037200.0,61.06999588012695,NEM
2020-10-22,60.939998626708984,59.84000015258789,60.81999969482422,60.540000915527344,5104400.0,60.136268615722656,NEM
2020-10-23,60.9900016784668,60.02000045776367,60.380001068115234,60.470001220703125,3243100.0,60.066734313964844,NEM
2020-10-26,61.029998779296875,59.79999923706055,59.970001220703125,60.31999969482422,3783100.0,59.91773223876953,NEM
2020-10-27,61.79999923706055,60.279998779296875,60.56999969482422,61.650001525878906,4457700.0,61.23886489868164,NEM
2020-10-28,60.54999923706055,58.290000915527344,60.540000915527344,58.650001525878906,9871200.0,58.258872985839844,NEM
2020-10-29,61.470001220703125,58.459999084472656,58.880001068115234,60.34000015258789,7026400.0,59.937599182128906,NEM
2020-10-30,62.970001220703125,60.79999923706055,60.939998626708984,62.84000015258789,9150000.0,62.420928955078125,NEM
2020-11-02,64.93000030517578,62.61000061035156,63.25,64.7300033569336,8314100.0,64.29832458496094,NEM
2020-11-03,67.25,65.0999984741211,65.0999984741211,66.66999816894531,7474000.0,66.22538757324219,NEM
2020-11-04,66.87000274658203,64.94000244140625,66.66999816894531,65.08000183105469,8415300.0,64.64598846435547,NEM
2020-11-05,68.30000305175781,66.69999694824219,66.94000244140625,67.8499984741211,8509700.0,67.39751434326172,NEM
2020-11-06,68.44999694824219,67.5,68.38999938964844,68.13999938964844,4664700.0,67.68558502197266,NEM
2020-11-09,66.51000213623047,62.869998931884766,64.25,66.01000213623047,10766800.0,65.56979370117188,NEM
2020-11-10,65.9800033569336,64.25,65.55000305175781,64.88999938964844,7129300.0,64.45726013183594,NEM
2020-11-11,65.66000366210938,63.310001373291016,64.30999755859375,65.62999725341797,8060300.0,65.19232177734375,NEM
2020-11-12,66.22000122070312,64.87000274658203,66.0,65.0199966430664,5337300.0,64.58638763427734,NEM
2020-11-13,66.05000305175781,65.33999633789062,66.0,65.70999908447266,3452200.0,65.27178955078125,NEM
2020-11-16,66.12000274658203,64.91999816894531,65.4000015258789,65.66999816894531,3502600.0,65.2320556640625,NEM
2020-11-17,65.73999786376953,64.44000244140625,65.36000061035156,64.52999877929688,4261300.0,64.09965515136719,NEM
2020-11-18,64.4000015258789,61.4900016784668,64.4000015258789,61.560001373291016,5933300.0,61.14946746826172,NEM
2020-11-19,61.4900016784668,60.43000030517578,60.959999084472656,61.40999984741211,7013900.0,61.000465393066406,NEM
2020-11-20,62.380001068115234,61.130001068115234,62.02000045776367,61.650001525878906,5343100.0,61.23886489868164,NEM
2020-11-23,61.220001220703125,58.58000183105469,60.880001068115234,58.68000030517578,9078000.0,58.28866958618164,NEM
2020-11-24,57.709999084472656,56.54999923706055,57.310001373291016,56.869998931884766,11438800.0,56.49074172973633,NEM
2020-11-25,58.13999938964844,57.310001373291016,57.65999984741211,57.779998779296875,7267100.0,57.39467239379883,NEM
2020-11-27,58.619998931884766,56.7599983215332,57.13999938964844,58.47999954223633,3749900.0,58.090003967285156,NEM
2020-11-30,58.90999984741211,57.459999084472656,57.880001068115234,58.81999969482422,10965200.0,58.427738189697266,NEM
2020-12-01,60.36000061035156,58.459999084472656,59.68000030517578,60.209999084472656,10437700.0,59.808467864990234,NEM
2020-12-02,60.560001373291016,59.59000015258789,60.08000183105469,59.959999084472656,6802300.0,59.56013488769531,NEM
2020-12-03,60.61000061035156,59.209999084472656,60.20000076293945,59.5099983215332,5479900.0,59.11313247680664,NEM
2020-12-04,59.86000061035156,59.0099983215332,59.38999938964844,59.439998626708984,5107600.0,59.043601989746094,NEM
2020-12-07,62.119998931884766,59.400001525878906,59.65999984741211,61.439998626708984,7157400.0,61.0302619934082,NEM
2020-12-08,62.0099983215332,61.0,62.0099983215332,61.5099983215332,4363500.0,61.099796295166016,NEM
2020-12-09,61.310001373291016,59.65999984741211,61.150001525878906,59.97999954223633,5985800.0,59.58000183105469,NEM
2020-12-10,60.45000076293945,59.099998474121094,59.7400016784668,59.18000030517578,6292000.0,59.18000030517578,NEM
2020-12-11,59.72999954223633,58.58000183105469,59.0,58.869998931884766,4973300.0,58.869998931884766,NEM
2020-12-14,59.41999816894531,57.529998779296875,58.86000061035156,57.560001373291016,5781200.0,57.560001373291016,NEM
2020-12-15,59.5,58.2400016784668,58.66999816894531,59.040000915527344,4981200.0,59.040000915527344,NEM
2020-12-16,60.400001525878906,59.0099983215332,59.47999954223633,60.2400016784668,5409100.0,60.2400016784668,NEM
2020-12-17,62.290000915527344,61.060001373291016,61.18000030517578,61.63999938964844,7229200.0,61.63999938964844,NEM
2020-12-18,61.68000030517578,60.47999954223633,61.63999938964844,60.5,10365900.0,60.5,NEM
2020-12-21,61.2400016784668,60.0099983215332,60.61000061035156,60.720001220703125,4843200.0,60.720001220703125,NEM
2020-12-22,61.029998779296875,59.13999938964844,60.869998931884766,59.40999984741211,5100800.0,59.40999984741211,NEM
2020-12-23,60.310001373291016,59.56999969482422,59.58000183105469,59.779998779296875,3897900.0,59.779998779296875,NEM
2020-12-24,60.560001373291016,59.560001373291016,59.689998626708984,60.47999954223633,1857700.0,60.47999954223633,NEM
2020-12-28,61.63999938964844,59.7400016784668,61.279998779296875,59.81999969482422,3749500.0,59.81999969482422,NEM
2020-12-29,60.54999923706055,59.58000183105469,60.20000076293945,59.72999954223633,3795200.0,59.72999954223633,NEM
2020-12-30,60.40999984741211,59.54999923706055,59.86000061035156,60.38999938964844,3539500.0,60.38999938964844,NEM
2020-12-31,60.529998779296875,59.41999816894531,60.52000045776367,59.88999938964844,3698500.0,59.88999938964844,NEM
